{"timestamp":"2025-07-07T22:57:10.011275Z","logger":"org.springframework.boot.SpringApplication","microservice":"","level":"ERROR","message":"Application run failed","userId":"","orderId":"","thread":"main"}
{"timestamp":"2025-07-07T22:57:50.811891Z","logger":"org.springframework.boot.SpringApplication","microservice":"","level":"ERROR","message":"Application run failed","userId":"","orderId":"","thread":"main"}
{"timestamp":"2025-07-07T22:58:31.053239Z","logger":"backend.megamarket.orderservice.OrderServiceApplication","microservice":"","level":"INFO","message":"Starting OrderServiceApplication using Java 22.0.1 with PID 9284 (/Users/pavelprourzin/Desktop/megamarket/orderService/target/classes started by pavelprourzin in /Users/pavelprourzin/Desktop/megamarket/orderService)","userId":"","orderId":"","thread":"main"}
{"timestamp":"2025-07-07T22:58:31.055689Z","logger":"backend.megamarket.orderservice.OrderServiceApplication","microservice":"","level":"INFO","message":"No active profile set, falling back to 1 default profile: \"default\"","userId":"","orderId":"","thread":"main"}
{"timestamp":"2025-07-07T22:58:31.376605Z","logger":"org.springframework.data.repository.config.RepositoryConfigurationDelegate","microservice":"","level":"INFO","message":"Bootstrapping Spring Data JPA repositories in DEFAULT mode.","userId":"","orderId":"","thread":"main"}
{"timestamp":"2025-07-07T22:58:31.396199Z","logger":"org.springframework.data.repository.config.RepositoryConfigurationDelegate","microservice":"","level":"INFO","message":"Finished Spring Data repository scanning in 16 ms. Found 1 JPA repository interface.","userId":"","orderId":"","thread":"main"}
{"timestamp":"2025-07-07T22:58:31.658255Z","logger":"org.springframework.boot.web.embedded.tomcat.TomcatWebServer","microservice":"","level":"INFO","message":"Tomcat initialized with port 8080 (http)","userId":"","orderId":"","thread":"main"}
{"timestamp":"2025-07-07T22:58:31.665086Z","logger":"org.apache.catalina.core.StandardService","microservice":"","level":"INFO","message":"Starting service [Tomcat]","userId":"","orderId":"","thread":"main"}
{"timestamp":"2025-07-07T22:58:31.66521Z","logger":"org.apache.catalina.core.StandardEngine","microservice":"","level":"INFO","message":"Starting Servlet engine: [Apache Tomcat/10.1.40]","userId":"","orderId":"","thread":"main"}
{"timestamp":"2025-07-07T22:58:31.683348Z","logger":"org.apache.catalina.core.ContainerBase.[Tomcat].[localhost].[/]","microservice":"","level":"INFO","message":"Initializing Spring embedded WebApplicationContext","userId":"","orderId":"","thread":"main"}
{"timestamp":"2025-07-07T22:58:31.683478Z","logger":"org.springframework.boot.web.servlet.context.ServletWebServerApplicationContext","microservice":"","level":"INFO","message":"Root WebApplicationContext: initialization completed in 611 ms","userId":"","orderId":"","thread":"main"}
{"timestamp":"2025-07-07T22:58:31.720841Z","logger":"org.springframework.grpc.autoconfigure.server.GrpcServerFactoryAutoConfiguration$GrpcServletConfiguration","microservice":"","level":"INFO","message":"Registering gRPC service: grpc.reflection.v1.ServerReflection","userId":"","orderId":"","thread":"main"}
{"timestamp":"2025-07-07T22:58:31.720937Z","logger":"org.springframework.grpc.autoconfigure.server.GrpcServerFactoryAutoConfiguration$GrpcServletConfiguration","microservice":"","level":"INFO","message":"Registering gRPC service: grpc.health.v1.Health","userId":"","orderId":"","thread":"main"}
{"timestamp":"2025-07-07T22:58:31.778699Z","logger":"liquibase.servicelocator","microservice":"","level":"DEBUG","message":"Loaded liquibase.configuration.AutoloadedConfigurations instance liquibase.GlobalConfiguration","userId":"","orderId":"","thread":"main"}
{"timestamp":"2025-07-07T22:58:31.779432Z","logger":"liquibase.servicelocator","microservice":"","level":"DEBUG","message":"Loaded liquibase.configuration.AutoloadedConfigurations instance liquibase.integration.commandline.LiquibaseCommandLineConfiguration","userId":"","orderId":"","thread":"main"}
{"timestamp":"2025-07-07T22:58:31.779566Z","logger":"liquibase.servicelocator","microservice":"","level":"DEBUG","message":"Loaded liquibase.configuration.AutoloadedConfigurations instance liquibase.logging.core.DefaultLoggerConfiguration","userId":"","orderId":"","thread":"main"}
{"timestamp":"2025-07-07T22:58:31.779732Z","logger":"liquibase.servicelocator","microservice":"","level":"DEBUG","message":"Loaded liquibase.configuration.AutoloadedConfigurations instance liquibase.sql.SqlConfiguration","userId":"","orderId":"","thread":"main"}
{"timestamp":"2025-07-07T22:58:31.780097Z","logger":"liquibase.servicelocator","microservice":"","level":"DEBUG","message":"Loaded liquibase.configuration.AutoloadedConfigurations instance liquibase.parser.ChangeLogParserConfiguration","userId":"","orderId":"","thread":"main"}
{"timestamp":"2025-07-07T22:58:31.780338Z","logger":"liquibase.servicelocator","microservice":"","level":"DEBUG","message":"Loaded liquibase.configuration.AutoloadedConfigurations instance liquibase.analytics.configuration.AnalyticsArgs","userId":"","orderId":"","thread":"main"}
{"timestamp":"2025-07-07T22:58:31.780478Z","logger":"liquibase.servicelocator","microservice":"","level":"DEBUG","message":"Loaded liquibase.configuration.AutoloadedConfigurations instance liquibase.license.LicenseTrackingArgs","userId":"","orderId":"","thread":"main"}
{"timestamp":"2025-07-07T22:58:31.780584Z","logger":"liquibase.configuration","microservice":"","level":"DEBUG","message":"Found ConfigurationDefinitions in liquibase.GlobalConfiguration","userId":"","orderId":"","thread":"main"}
{"timestamp":"2025-07-07T22:58:31.78062Z","logger":"liquibase.configuration","microservice":"","level":"DEBUG","message":"Found ConfigurationDefinitions in liquibase.integration.commandline.LiquibaseCommandLineConfiguration","userId":"","orderId":"","thread":"main"}
{"timestamp":"2025-07-07T22:58:31.780654Z","logger":"liquibase.configuration","microservice":"","level":"DEBUG","message":"Found ConfigurationDefinitions in liquibase.logging.core.DefaultLoggerConfiguration","userId":"","orderId":"","thread":"main"}
{"timestamp":"2025-07-07T22:58:31.780685Z","logger":"liquibase.configuration","microservice":"","level":"DEBUG","message":"Found ConfigurationDefinitions in liquibase.sql.SqlConfiguration","userId":"","orderId":"","thread":"main"}
{"timestamp":"2025-07-07T22:58:31.780718Z","logger":"liquibase.configuration","microservice":"","level":"DEBUG","message":"Found ConfigurationDefinitions in liquibase.parser.ChangeLogParserConfiguration","userId":"","orderId":"","thread":"main"}
{"timestamp":"2025-07-07T22:58:31.780746Z","logger":"liquibase.configuration","microservice":"","level":"DEBUG","message":"Found ConfigurationDefinitions in liquibase.analytics.configuration.AnalyticsArgs","userId":"","orderId":"","thread":"main"}
{"timestamp":"2025-07-07T22:58:31.780772Z","logger":"liquibase.configuration","microservice":"","level":"DEBUG","message":"Found ConfigurationDefinitions in liquibase.license.LicenseTrackingArgs","userId":"","orderId":"","thread":"main"}
{"timestamp":"2025-07-07T22:58:31.781264Z","logger":"liquibase.servicelocator","microservice":"","level":"DEBUG","message":"Loaded liquibase.configuration.ConfigurationValueProvider instance liquibase.configuration.core.DeprecatedConfigurationValueProvider","userId":"","orderId":"","thread":"main"}
{"timestamp":"2025-07-07T22:58:31.781362Z","logger":"liquibase.servicelocator","microservice":"","level":"DEBUG","message":"Loaded liquibase.configuration.ConfigurationValueProvider instance liquibase.configuration.core.SystemPropertyValueProvider","userId":"","orderId":"","thread":"main"}
{"timestamp":"2025-07-07T22:58:31.781457Z","logger":"liquibase.servicelocator","microservice":"","level":"DEBUG","message":"Loaded liquibase.configuration.ConfigurationValueProvider instance liquibase.configuration.core.ScopeValueProvider","userId":"","orderId":"","thread":"main"}
{"timestamp":"2025-07-07T22:58:31.781647Z","logger":"liquibase.servicelocator","microservice":"","level":"DEBUG","message":"Loaded liquibase.configuration.ConfigurationValueProvider instance liquibase.configuration.core.EnvironmentValueProvider","userId":"","orderId":"","thread":"main"}
{"timestamp":"2025-07-07T22:58:31.782342Z","logger":"liquibase.servicelocator","microservice":"","level":"DEBUG","message":"Loaded liquibase.logging.LogService instance liquibase.logging.core.BufferedLogService","userId":"","orderId":"","thread":"main"}
{"timestamp":"2025-07-07T22:58:31.782463Z","logger":"liquibase.servicelocator","microservice":"","level":"DEBUG","message":"Loaded liquibase.logging.LogService instance liquibase.logging.core.CompositeLogService","userId":"","orderId":"","thread":"main"}
{"timestamp":"2025-07-07T22:58:31.782514Z","logger":"liquibase.servicelocator","microservice":"","level":"DEBUG","message":"Loaded liquibase.logging.LogService instance liquibase.logging.core.JavaLogService","userId":"","orderId":"","thread":"main"}
{"timestamp":"2025-07-07T22:58:31.782799Z","logger":"liquibase.servicelocator","microservice":"","level":"DEBUG","message":"Loaded liquibase.servicelocator.ServiceLocator instance liquibase.servicelocator.StandardServiceLocator","userId":"","orderId":"","thread":"main"}
{"timestamp":"2025-07-07T22:58:31.799157Z","logger":"liquibase.configuration","microservice":"","level":"DEBUG","message":"No configuration value for liquibase.shouldRun aka should.run found","userId":"","orderId":"","thread":"main"}
{"timestamp":"2025-07-07T22:58:31.799291Z","logger":"liquibase.configuration","microservice":"","level":"DEBUG","message":"Configuration liquibase.shouldRun is using the default value of true","userId":"","orderId":"","thread":"main"}
{"timestamp":"2025-07-07T22:58:31.799759Z","logger":"com.zaxxer.hikari.HikariDataSource","microservice":"","level":"INFO","message":"HikariPool-1 - Starting...","userId":"","orderId":"","thread":"main"}
{"timestamp":"2025-07-07T22:58:31.894998Z","logger":"com.zaxxer.hikari.pool.HikariPool","microservice":"","level":"INFO","message":"HikariPool-1 - Added connection org.postgresql.jdbc.PgConnection@12e2f5ab","userId":"","orderId":"","thread":"main"}
{"timestamp":"2025-07-07T22:58:31.895451Z","logger":"com.zaxxer.hikari.HikariDataSource","microservice":"","level":"INFO","message":"HikariPool-1 - Start completed.","userId":"","orderId":"","thread":"main"}
{"timestamp":"2025-07-07T22:58:31.899526Z","logger":"liquibase.servicelocator","microservice":"","level":"DEBUG","message":"Loaded liquibase.database.jvm.ConnectionPatterns instance liquibase.database.jvm.JdbcConnectionPatterns","userId":"","orderId":"","thread":"main"}
{"timestamp":"2025-07-07T22:58:31.902963Z","logger":"liquibase.servicelocator","microservice":"","level":"DEBUG","message":"Loaded liquibase.database.Database instance liquibase.database.core.CockroachDatabase","userId":"","orderId":"","thread":"main"}
{"timestamp":"2025-07-07T22:58:31.903358Z","logger":"liquibase.servicelocator","microservice":"","level":"DEBUG","message":"Loaded liquibase.database.Database instance liquibase.database.core.DB2Database","userId":"","orderId":"","thread":"main"}
{"timestamp":"2025-07-07T22:58:31.903496Z","logger":"liquibase.servicelocator","microservice":"","level":"DEBUG","message":"Loaded liquibase.database.Database instance liquibase.database.core.Db2zDatabase","userId":"","orderId":"","thread":"main"}
{"timestamp":"2025-07-07T22:58:31.90415Z","logger":"liquibase.servicelocator","microservice":"","level":"DEBUG","message":"Loaded liquibase.database.Database instance liquibase.database.core.DerbyDatabase","userId":"","orderId":"","thread":"main"}
{"timestamp":"2025-07-07T22:58:31.904313Z","logger":"liquibase.servicelocator","microservice":"","level":"DEBUG","message":"Loaded liquibase.database.Database instance liquibase.database.core.EnterpriseDBDatabase","userId":"","orderId":"","thread":"main"}
{"timestamp":"2025-07-07T22:58:31.904491Z","logger":"liquibase.servicelocator","microservice":"","level":"DEBUG","message":"Loaded liquibase.database.Database instance liquibase.database.core.FirebirdDatabase","userId":"","orderId":"","thread":"main"}
{"timestamp":"2025-07-07T22:58:31.904931Z","logger":"liquibase.servicelocator","microservice":"","level":"DEBUG","message":"Loaded liquibase.database.Database instance liquibase.database.core.H2Database","userId":"","orderId":"","thread":"main"}
{"timestamp":"2025-07-07T22:58:31.905368Z","logger":"liquibase.servicelocator","microservice":"","level":"DEBUG","message":"Loaded liquibase.database.Database instance liquibase.database.core.HsqlDatabase","userId":"","orderId":"","thread":"main"}
{"timestamp":"2025-07-07T22:58:31.905666Z","logger":"liquibase.servicelocator","microservice":"","level":"DEBUG","message":"Loaded liquibase.database.Database instance liquibase.database.core.InformixDatabase","userId":"","orderId":"","thread":"main"}
{"timestamp":"2025-07-07T22:58:31.905847Z","logger":"liquibase.servicelocator","microservice":"","level":"DEBUG","message":"Loaded liquibase.database.Database instance liquibase.database.core.Ingres9Database","userId":"","orderId":"","thread":"main"}
{"timestamp":"2025-07-07T22:58:31.906468Z","logger":"liquibase.servicelocator","microservice":"","level":"DEBUG","message":"Loaded liquibase.database.Database instance liquibase.database.core.MSSQLDatabase","userId":"","orderId":"","thread":"main"}
{"timestamp":"2025-07-07T22:58:31.907144Z","logger":"liquibase.servicelocator","microservice":"","level":"DEBUG","message":"Loaded liquibase.database.Database instance liquibase.database.core.MariaDBDatabase","userId":"","orderId":"","thread":"main"}
{"timestamp":"2025-07-07T22:58:31.907767Z","logger":"liquibase.servicelocator","microservice":"","level":"DEBUG","message":"Loaded liquibase.database.Database instance liquibase.database.core.MockDatabase","userId":"","orderId":"","thread":"main"}
{"timestamp":"2025-07-07T22:58:31.907819Z","logger":"liquibase.servicelocator","microservice":"","level":"DEBUG","message":"Loaded liquibase.database.Database instance liquibase.database.core.MySQLDatabase","userId":"","orderId":"","thread":"main"}
{"timestamp":"2025-07-07T22:58:31.908288Z","logger":"liquibase.servicelocator","microservice":"","level":"DEBUG","message":"Loaded liquibase.database.Database instance liquibase.database.core.OracleDatabase","userId":"","orderId":"","thread":"main"}
{"timestamp":"2025-07-07T22:58:31.908337Z","logger":"liquibase.servicelocator","microservice":"","level":"DEBUG","message":"Loaded liquibase.database.Database instance liquibase.database.core.PostgresDatabase","userId":"","orderId":"","thread":"main"}
{"timestamp":"2025-07-07T22:58:31.908842Z","logger":"liquibase.servicelocator","microservice":"","level":"DEBUG","message":"Loaded liquibase.database.Database instance liquibase.database.core.SQLiteDatabase","userId":"","orderId":"","thread":"main"}
{"timestamp":"2025-07-07T22:58:31.909218Z","logger":"liquibase.servicelocator","microservice":"","level":"DEBUG","message":"Loaded liquibase.database.Database instance liquibase.database.core.SybaseASADatabase","userId":"","orderId":"","thread":"main"}
{"timestamp":"2025-07-07T22:58:31.909481Z","logger":"liquibase.servicelocator","microservice":"","level":"DEBUG","message":"Loaded liquibase.database.Database instance liquibase.database.core.SybaseDatabase","userId":"","orderId":"","thread":"main"}
{"timestamp":"2025-07-07T22:58:31.909619Z","logger":"liquibase.servicelocator","microservice":"","level":"DEBUG","message":"Loaded liquibase.database.Database instance liquibase.database.core.UnsupportedDatabase","userId":"","orderId":"","thread":"main"}
{"timestamp":"2025-07-07T22:58:31.909923Z","logger":"liquibase.servicelocator","microservice":"","level":"DEBUG","message":"Loaded liquibase.database.Database instance liquibase.database.core.SnowflakeDatabase","userId":"","orderId":"","thread":"main"}
{"timestamp":"2025-07-07T22:58:31.916513Z","logger":"liquibase.database","microservice":"","level":"DEBUG","message":"Connected to postgres@jdbc:postgresql://localhost:5433/usersdb","userId":"","orderId":"","thread":"main"}
{"timestamp":"2025-07-07T22:58:31.916575Z","logger":"liquibase.database","microservice":"","level":"DEBUG","message":"Setting auto commit to false from true","userId":"","orderId":"","thread":"main"}
{"timestamp":"2025-07-07T22:58:31.931176Z","logger":"liquibase.servicelocator","microservice":"","level":"DEBUG","message":"Loaded liquibase.executor.Executor instance liquibase.executor.jvm.JdbcExecutor","userId":"","orderId":"","thread":"main"}
{"timestamp":"2025-07-07T22:58:31.93135Z","logger":"liquibase.servicelocator","microservice":"","level":"DEBUG","message":"Loaded liquibase.executor.Executor instance liquibase.executor.jvm.SnowflakeJdbcExecutor","userId":"","orderId":"","thread":"main"}
{"timestamp":"2025-07-07T22:58:31.933029Z","logger":"liquibase.servicelocator","microservice":"","level":"DEBUG","message":"Loaded liquibase.sqlgenerator.SqlGenerator instance liquibase.sqlgenerator.core.AddAutoIncrementGenerator","userId":"","orderId":"","thread":"main"}
{"timestamp":"2025-07-07T22:58:31.933222Z","logger":"liquibase.servicelocator","microservice":"","level":"DEBUG","message":"Loaded liquibase.sqlgenerator.SqlGenerator instance liquibase.sqlgenerator.core.AddAutoIncrementGeneratorDB2","userId":"","orderId":"","thread":"main"}
{"timestamp":"2025-07-07T22:58:31.933356Z","logger":"liquibase.servicelocator","microservice":"","level":"DEBUG","message":"Loaded liquibase.sqlgenerator.SqlGenerator instance liquibase.sqlgenerator.core.AddAutoIncrementGeneratorHsqlH2","userId":"","orderId":"","thread":"main"}
{"timestamp":"2025-07-07T22:58:31.933491Z","logger":"liquibase.servicelocator","microservice":"","level":"DEBUG","message":"Loaded liquibase.sqlgenerator.SqlGenerator instance liquibase.sqlgenerator.core.AddAutoIncrementGeneratorInformix","userId":"","orderId":"","thread":"main"}
{"timestamp":"2025-07-07T22:58:31.933663Z","logger":"liquibase.servicelocator","microservice":"","level":"DEBUG","message":"Loaded liquibase.sqlgenerator.SqlGenerator instance liquibase.sqlgenerator.core.AddAutoIncrementGeneratorMySQL","userId":"","orderId":"","thread":"main"}
{"timestamp":"2025-07-07T22:58:31.933834Z","logger":"liquibase.servicelocator","microservice":"","level":"DEBUG","message":"Loaded liquibase.sqlgenerator.SqlGenerator instance liquibase.sqlgenerator.core.AddAutoIncrementGeneratorSQLite","userId":"","orderId":"","thread":"main"}
{"timestamp":"2025-07-07T22:58:31.934216Z","logger":"liquibase.servicelocator","microservice":"","level":"DEBUG","message":"Loaded liquibase.sqlgenerator.SqlGenerator instance liquibase.sqlgenerator.core.AddColumnGenerator","userId":"","orderId":"","thread":"main"}
{"timestamp":"2025-07-07T22:58:31.934366Z","logger":"liquibase.servicelocator","microservice":"","level":"DEBUG","message":"Loaded liquibase.sqlgenerator.SqlGenerator instance liquibase.sqlgenerator.core.AddColumnGeneratorDefaultClauseBeforeNotNull","userId":"","orderId":"","thread":"main"}
{"timestamp":"2025-07-07T22:58:31.934486Z","logger":"liquibase.servicelocator","microservice":"","level":"DEBUG","message":"Loaded liquibase.sqlgenerator.SqlGenerator instance liquibase.sqlgenerator.core.AddColumnGeneratorSQLite","userId":"","orderId":"","thread":"main"}
{"timestamp":"2025-07-07T22:58:31.934661Z","logger":"liquibase.servicelocator","microservice":"","level":"DEBUG","message":"Loaded liquibase.sqlgenerator.SqlGenerator instance liquibase.sqlgenerator.core.AddDefaultValueGenerator","userId":"","orderId":"","thread":"main"}
{"timestamp":"2025-07-07T22:58:31.934787Z","logger":"liquibase.servicelocator","microservice":"","level":"DEBUG","message":"Loaded liquibase.sqlgenerator.SqlGenerator instance liquibase.sqlgenerator.core.AddDefaultValueGeneratorDerby","userId":"","orderId":"","thread":"main"}
{"timestamp":"2025-07-07T22:58:31.934908Z","logger":"liquibase.servicelocator","microservice":"","level":"DEBUG","message":"Loaded liquibase.sqlgenerator.SqlGenerator instance liquibase.sqlgenerator.core.AddDefaultValueGeneratorHsqldb","userId":"","orderId":"","thread":"main"}
{"timestamp":"2025-07-07T22:58:31.935011Z","logger":"liquibase.servicelocator","microservice":"","level":"DEBUG","message":"Loaded liquibase.sqlgenerator.SqlGenerator instance liquibase.sqlgenerator.core.AddDefaultValueGeneratorInformix","userId":"","orderId":"","thread":"main"}
{"timestamp":"2025-07-07T22:58:31.935127Z","logger":"liquibase.servicelocator","microservice":"","level":"DEBUG","message":"Loaded liquibase.sqlgenerator.SqlGenerator instance liquibase.sqlgenerator.core.AddDefaultValueGeneratorMSSQL","userId":"","orderId":"","thread":"main"}
{"timestamp":"2025-07-07T22:58:31.935306Z","logger":"liquibase.servicelocator","microservice":"","level":"DEBUG","message":"Loaded liquibase.sqlgenerator.SqlGenerator instance liquibase.sqlgenerator.core.AddDefaultValueGeneratorMySQL","userId":"","orderId":"","thread":"main"}
{"timestamp":"2025-07-07T22:58:31.935426Z","logger":"liquibase.servicelocator","microservice":"","level":"DEBUG","message":"Loaded liquibase.sqlgenerator.SqlGenerator instance liquibase.sqlgenerator.core.AddDefaultValueGeneratorOracle","userId":"","orderId":"","thread":"main"}
{"timestamp":"2025-07-07T22:58:31.935552Z","logger":"liquibase.servicelocator","microservice":"","level":"DEBUG","message":"Loaded liquibase.sqlgenerator.SqlGenerator instance liquibase.sqlgenerator.core.AddDefaultValueGeneratorPostgres","userId":"","orderId":"","thread":"main"}
{"timestamp":"2025-07-07T22:58:31.935679Z","logger":"liquibase.servicelocator","microservice":"","level":"DEBUG","message":"Loaded liquibase.sqlgenerator.SqlGenerator instance liquibase.sqlgenerator.core.AddDefaultValueGeneratorSQLite","userId":"","orderId":"","thread":"main"}
{"timestamp":"2025-07-07T22:58:31.93578Z","logger":"liquibase.servicelocator","microservice":"","level":"DEBUG","message":"Loaded liquibase.sqlgenerator.SqlGenerator instance liquibase.sqlgenerator.core.AddDefaultValueGeneratorSybase","userId":"","orderId":"","thread":"main"}
{"timestamp":"2025-07-07T22:58:31.93588Z","logger":"liquibase.servicelocator","microservice":"","level":"DEBUG","message":"Loaded liquibase.sqlgenerator.SqlGenerator instance liquibase.sqlgenerator.core.AddDefaultValueGeneratorSybaseASA","userId":"","orderId":"","thread":"main"}
{"timestamp":"2025-07-07T22:58:31.936056Z","logger":"liquibase.servicelocator","microservice":"","level":"DEBUG","message":"Loaded liquibase.sqlgenerator.SqlGenerator instance liquibase.sqlgenerator.core.AddForeignKeyConstraintGenerator","userId":"","orderId":"","thread":"main"}
{"timestamp":"2025-07-07T22:58:31.936203Z","logger":"liquibase.servicelocator","microservice":"","level":"DEBUG","message":"Loaded liquibase.sqlgenerator.SqlGenerator instance liquibase.sqlgenerator.core.AddPrimaryKeyGenerator","userId":"","orderId":"","thread":"main"}
{"timestamp":"2025-07-07T22:58:31.936313Z","logger":"liquibase.servicelocator","microservice":"","level":"DEBUG","message":"Loaded liquibase.sqlgenerator.SqlGenerator instance liquibase.sqlgenerator.core.AddPrimaryKeyGeneratorInformix","userId":"","orderId":"","thread":"main"}
{"timestamp":"2025-07-07T22:58:31.936474Z","logger":"liquibase.servicelocator","microservice":"","level":"DEBUG","message":"Loaded liquibase.sqlgenerator.SqlGenerator instance liquibase.sqlgenerator.core.AddUniqueConstraintGenerator","userId":"","orderId":"","thread":"main"}
{"timestamp":"2025-07-07T22:58:31.936607Z","logger":"liquibase.servicelocator","microservice":"","level":"DEBUG","message":"Loaded liquibase.sqlgenerator.SqlGenerator instance liquibase.sqlgenerator.core.AddUniqueConstraintGeneratorInformix","userId":"","orderId":"","thread":"main"}
{"timestamp":"2025-07-07T22:58:31.936704Z","logger":"liquibase.servicelocator","microservice":"","level":"DEBUG","message":"Loaded liquibase.sqlgenerator.SqlGenerator instance liquibase.sqlgenerator.core.AddUniqueConstraintGeneratorTDS","userId":"","orderId":"","thread":"main"}
{"timestamp":"2025-07-07T22:58:31.936855Z","logger":"liquibase.servicelocator","microservice":"","level":"DEBUG","message":"Loaded liquibase.sqlgenerator.SqlGenerator instance liquibase.sqlgenerator.core.AlterSequenceGenerator","userId":"","orderId":"","thread":"main"}
{"timestamp":"2025-07-07T22:58:31.936948Z","logger":"liquibase.servicelocator","microservice":"","level":"DEBUG","message":"Loaded liquibase.sqlgenerator.SqlGenerator instance liquibase.sqlgenerator.core.BatchDmlExecutablePreparedStatementGenerator","userId":"","orderId":"","thread":"main"}
{"timestamp":"2025-07-07T22:58:31.937062Z","logger":"liquibase.servicelocator","microservice":"","level":"DEBUG","message":"Loaded liquibase.sqlgenerator.SqlGenerator instance liquibase.sqlgenerator.core.ClearDatabaseChangeLogTableGenerator","userId":"","orderId":"","thread":"main"}
{"timestamp":"2025-07-07T22:58:31.937185Z","logger":"liquibase.servicelocator","microservice":"","level":"DEBUG","message":"Loaded liquibase.sqlgenerator.SqlGenerator instance liquibase.sqlgenerator.core.CommentGenerator","userId":"","orderId":"","thread":"main"}
{"timestamp":"2025-07-07T22:58:31.937352Z","logger":"liquibase.servicelocator","microservice":"","level":"DEBUG","message":"Loaded liquibase.sqlgenerator.SqlGenerator instance liquibase.sqlgenerator.core.CopyRowsGenerator","userId":"","orderId":"","thread":"main"}
{"timestamp":"2025-07-07T22:58:31.937503Z","logger":"liquibase.servicelocator","microservice":"","level":"DEBUG","message":"Loaded liquibase.sqlgenerator.SqlGenerator instance liquibase.sqlgenerator.core.CreateDatabaseChangeLogLockTableGenerator","userId":"","orderId":"","thread":"main"}
{"timestamp":"2025-07-07T22:58:31.937657Z","logger":"liquibase.servicelocator","microservice":"","level":"DEBUG","message":"Loaded liquibase.sqlgenerator.SqlGenerator instance liquibase.sqlgenerator.core.CreateDatabaseChangeLogTableGenerator","userId":"","orderId":"","thread":"main"}
{"timestamp":"2025-07-07T22:58:31.93778Z","logger":"liquibase.servicelocator","microservice":"","level":"DEBUG","message":"Loaded liquibase.sqlgenerator.SqlGenerator instance liquibase.sqlgenerator.core.CreateDatabaseChangeLogTableGeneratorSybase","userId":"","orderId":"","thread":"main"}
{"timestamp":"2025-07-07T22:58:31.937965Z","logger":"liquibase.servicelocator","microservice":"","level":"DEBUG","message":"Loaded liquibase.sqlgenerator.SqlGenerator instance liquibase.sqlgenerator.core.CreateIndexGenerator","userId":"","orderId":"","thread":"main"}
{"timestamp":"2025-07-07T22:58:31.938654Z","logger":"liquibase.servicelocator","microservice":"","level":"DEBUG","message":"Loaded liquibase.sqlgenerator.SqlGenerator instance liquibase.sqlgenerator.core.CreateIndexGeneratorFirebird","userId":"","orderId":"","thread":"main"}
{"timestamp":"2025-07-07T22:58:31.938778Z","logger":"liquibase.servicelocator","microservice":"","level":"DEBUG","message":"Loaded liquibase.sqlgenerator.SqlGenerator instance liquibase.sqlgenerator.core.CreateIndexGeneratorPostgres","userId":"","orderId":"","thread":"main"}
{"timestamp":"2025-07-07T22:58:31.938994Z","logger":"liquibase.servicelocator","microservice":"","level":"DEBUG","message":"Loaded liquibase.sqlgenerator.SqlGenerator instance liquibase.sqlgenerator.core.CreateProcedureGenerator","userId":"","orderId":"","thread":"main"}
{"timestamp":"2025-07-07T22:58:31.939156Z","logger":"liquibase.servicelocator","microservice":"","level":"DEBUG","message":"Loaded liquibase.sqlgenerator.SqlGenerator instance liquibase.sqlgenerator.core.CreateSequenceGenerator","userId":"","orderId":"","thread":"main"}
{"timestamp":"2025-07-07T22:58:31.939454Z","logger":"liquibase.servicelocator","microservice":"","level":"DEBUG","message":"Loaded liquibase.sqlgenerator.SqlGenerator instance liquibase.sqlgenerator.core.CreateTableGenerator","userId":"","orderId":"","thread":"main"}
{"timestamp":"2025-07-07T22:58:31.939632Z","logger":"liquibase.servicelocator","microservice":"","level":"DEBUG","message":"Loaded liquibase.sqlgenerator.SqlGenerator instance liquibase.sqlgenerator.core.CreateTableGeneratorInformix","userId":"","orderId":"","thread":"main"}
{"timestamp":"2025-07-07T22:58:31.939811Z","logger":"liquibase.servicelocator","microservice":"","level":"DEBUG","message":"Loaded liquibase.sqlgenerator.SqlGenerator instance liquibase.sqlgenerator.core.CreateViewGenerator","userId":"","orderId":"","thread":"main"}
{"timestamp":"2025-07-07T22:58:31.939921Z","logger":"liquibase.servicelocator","microservice":"","level":"DEBUG","message":"Loaded liquibase.sqlgenerator.SqlGenerator instance liquibase.sqlgenerator.core.CreateViewGeneratorInformix","userId":"","orderId":"","thread":"main"}
{"timestamp":"2025-07-07T22:58:31.940041Z","logger":"liquibase.servicelocator","microservice":"","level":"DEBUG","message":"Loaded liquibase.sqlgenerator.SqlGenerator instance liquibase.sqlgenerator.core.DeleteGenerator","userId":"","orderId":"","thread":"main"}
{"timestamp":"2025-07-07T22:58:31.940207Z","logger":"liquibase.servicelocator","microservice":"","level":"DEBUG","message":"Loaded liquibase.sqlgenerator.SqlGenerator instance liquibase.sqlgenerator.core.DropColumnGenerator","userId":"","orderId":"","thread":"main"}
{"timestamp":"2025-07-07T22:58:31.94043Z","logger":"liquibase.servicelocator","microservice":"","level":"DEBUG","message":"Loaded liquibase.sqlgenerator.SqlGenerator instance liquibase.sqlgenerator.core.DropDefaultValueGenerator","userId":"","orderId":"","thread":"main"}
{"timestamp":"2025-07-07T22:58:31.940548Z","logger":"liquibase.servicelocator","microservice":"","level":"DEBUG","message":"Loaded liquibase.sqlgenerator.SqlGenerator instance liquibase.sqlgenerator.core.DropForeignKeyConstraintGenerator","userId":"","orderId":"","thread":"main"}
{"timestamp":"2025-07-07T22:58:31.940664Z","logger":"liquibase.servicelocator","microservice":"","level":"DEBUG","message":"Loaded liquibase.sqlgenerator.SqlGenerator instance liquibase.sqlgenerator.core.DropIndexGenerator","userId":"","orderId":"","thread":"main"}
{"timestamp":"2025-07-07T22:58:31.940799Z","logger":"liquibase.servicelocator","microservice":"","level":"DEBUG","message":"Loaded liquibase.sqlgenerator.SqlGenerator instance liquibase.sqlgenerator.core.DropPrimaryKeyGenerator","userId":"","orderId":"","thread":"main"}
{"timestamp":"2025-07-07T22:58:31.940911Z","logger":"liquibase.servicelocator","microservice":"","level":"DEBUG","message":"Loaded liquibase.sqlgenerator.SqlGenerator instance liquibase.sqlgenerator.core.DropProcedureGenerator","userId":"","orderId":"","thread":"main"}
{"timestamp":"2025-07-07T22:58:31.941015Z","logger":"liquibase.servicelocator","microservice":"","level":"DEBUG","message":"Loaded liquibase.sqlgenerator.SqlGenerator instance liquibase.sqlgenerator.core.DropSequenceGenerator","userId":"","orderId":"","thread":"main"}
{"timestamp":"2025-07-07T22:58:31.941118Z","logger":"liquibase.servicelocator","microservice":"","level":"DEBUG","message":"Loaded liquibase.sqlgenerator.SqlGenerator instance liquibase.sqlgenerator.core.DropTableGenerator","userId":"","orderId":"","thread":"main"}
{"timestamp":"2025-07-07T22:58:31.941234Z","logger":"liquibase.servicelocator","microservice":"","level":"DEBUG","message":"Loaded liquibase.sqlgenerator.SqlGenerator instance liquibase.sqlgenerator.core.DropUniqueConstraintGenerator","userId":"","orderId":"","thread":"main"}
{"timestamp":"2025-07-07T22:58:31.941339Z","logger":"liquibase.servicelocator","microservice":"","level":"DEBUG","message":"Loaded liquibase.sqlgenerator.SqlGenerator instance liquibase.sqlgenerator.core.DropViewGenerator","userId":"","orderId":"","thread":"main"}
{"timestamp":"2025-07-07T22:58:31.941438Z","logger":"liquibase.servicelocator","microservice":"","level":"DEBUG","message":"Loaded liquibase.sqlgenerator.SqlGenerator instance liquibase.sqlgenerator.core.GetNextChangeSetSequenceValueGenerator","userId":"","orderId":"","thread":"main"}
{"timestamp":"2025-07-07T22:58:31.941548Z","logger":"liquibase.servicelocator","microservice":"","level":"DEBUG","message":"Loaded liquibase.sqlgenerator.SqlGenerator instance liquibase.sqlgenerator.core.GetViewDefinitionGenerator","userId":"","orderId":"","thread":"main"}
{"timestamp":"2025-07-07T22:58:31.941642Z","logger":"liquibase.servicelocator","microservice":"","level":"DEBUG","message":"Loaded liquibase.sqlgenerator.SqlGenerator instance liquibase.sqlgenerator.core.GetViewDefinitionGeneratorDB2","userId":"","orderId":"","thread":"main"}
{"timestamp":"2025-07-07T22:58:31.941728Z","logger":"liquibase.servicelocator","microservice":"","level":"DEBUG","message":"Loaded liquibase.sqlgenerator.SqlGenerator instance liquibase.sqlgenerator.core.GetViewDefinitionGeneratorDerby","userId":"","orderId":"","thread":"main"}
{"timestamp":"2025-07-07T22:58:31.941815Z","logger":"liquibase.servicelocator","microservice":"","level":"DEBUG","message":"Loaded liquibase.sqlgenerator.SqlGenerator instance liquibase.sqlgenerator.core.GetViewDefinitionGeneratorFirebird","userId":"","orderId":"","thread":"main"}
{"timestamp":"2025-07-07T22:58:31.941896Z","logger":"liquibase.servicelocator","microservice":"","level":"DEBUG","message":"Loaded liquibase.sqlgenerator.SqlGenerator instance liquibase.sqlgenerator.core.GetViewDefinitionGeneratorHsql","userId":"","orderId":"","thread":"main"}
{"timestamp":"2025-07-07T22:58:31.941976Z","logger":"liquibase.servicelocator","microservice":"","level":"DEBUG","message":"Loaded liquibase.sqlgenerator.SqlGenerator instance liquibase.sqlgenerator.core.GetViewDefinitionGeneratorInformix","userId":"","orderId":"","thread":"main"}
{"timestamp":"2025-07-07T22:58:31.942062Z","logger":"liquibase.servicelocator","microservice":"","level":"DEBUG","message":"Loaded liquibase.sqlgenerator.SqlGenerator instance liquibase.sqlgenerator.core.GetViewDefinitionGeneratorMSSQL","userId":"","orderId":"","thread":"main"}
{"timestamp":"2025-07-07T22:58:31.942148Z","logger":"liquibase.servicelocator","microservice":"","level":"DEBUG","message":"Loaded liquibase.sqlgenerator.SqlGenerator instance liquibase.sqlgenerator.core.GetViewDefinitionGeneratorOracle","userId":"","orderId":"","thread":"main"}
{"timestamp":"2025-07-07T22:58:31.942243Z","logger":"liquibase.servicelocator","microservice":"","level":"DEBUG","message":"Loaded liquibase.sqlgenerator.SqlGenerator instance liquibase.sqlgenerator.core.GetViewDefinitionGeneratorPostgres","userId":"","orderId":"","thread":"main"}
{"timestamp":"2025-07-07T22:58:31.942354Z","logger":"liquibase.servicelocator","microservice":"","level":"DEBUG","message":"Loaded liquibase.sqlgenerator.SqlGenerator instance liquibase.sqlgenerator.core.GetViewDefinitionGeneratorSybase","userId":"","orderId":"","thread":"main"}
{"timestamp":"2025-07-07T22:58:31.942442Z","logger":"liquibase.servicelocator","microservice":"","level":"DEBUG","message":"Loaded liquibase.sqlgenerator.SqlGenerator instance liquibase.sqlgenerator.core.GetViewDefinitionGeneratorSybaseASA","userId":"","orderId":"","thread":"main"}
{"timestamp":"2025-07-07T22:58:31.942553Z","logger":"liquibase.servicelocator","microservice":"","level":"DEBUG","message":"Loaded liquibase.sqlgenerator.SqlGenerator instance liquibase.sqlgenerator.core.InitializeDatabaseChangeLogLockTableGenerator","userId":"","orderId":"","thread":"main"}
{"timestamp":"2025-07-07T22:58:31.94264Z","logger":"liquibase.servicelocator","microservice":"","level":"DEBUG","message":"Loaded liquibase.sqlgenerator.SqlGenerator instance liquibase.sqlgenerator.core.InsertDataChangeGenerator","userId":"","orderId":"","thread":"main"}
{"timestamp":"2025-07-07T22:58:31.942776Z","logger":"liquibase.servicelocator","microservice":"","level":"DEBUG","message":"Loaded liquibase.sqlgenerator.SqlGenerator instance liquibase.sqlgenerator.core.InsertGenerator","userId":"","orderId":"","thread":"main"}
{"timestamp":"2025-07-07T22:58:31.943164Z","logger":"liquibase.servicelocator","microservice":"","level":"DEBUG","message":"Loaded liquibase.sqlgenerator.SqlGenerator instance liquibase.sqlgenerator.core.InsertOrUpdateGeneratorDB2","userId":"","orderId":"","thread":"main"}
{"timestamp":"2025-07-07T22:58:31.943256Z","logger":"liquibase.servicelocator","microservice":"","level":"DEBUG","message":"Loaded liquibase.sqlgenerator.SqlGenerator instance liquibase.sqlgenerator.core.InsertOrUpdateGeneratorH2","userId":"","orderId":"","thread":"main"}
{"timestamp":"2025-07-07T22:58:31.943374Z","logger":"liquibase.servicelocator","microservice":"","level":"DEBUG","message":"Loaded liquibase.sqlgenerator.SqlGenerator instance liquibase.sqlgenerator.core.InsertOrUpdateGeneratorHsql","userId":"","orderId":"","thread":"main"}
{"timestamp":"2025-07-07T22:58:31.943511Z","logger":"liquibase.servicelocator","microservice":"","level":"DEBUG","message":"Loaded liquibase.sqlgenerator.SqlGenerator instance liquibase.sqlgenerator.core.InsertOrUpdateGeneratorInformix","userId":"","orderId":"","thread":"main"}
{"timestamp":"2025-07-07T22:58:31.943611Z","logger":"liquibase.servicelocator","microservice":"","level":"DEBUG","message":"Loaded liquibase.sqlgenerator.SqlGenerator instance liquibase.sqlgenerator.core.InsertOrUpdateGeneratorMSSQL","userId":"","orderId":"","thread":"main"}
{"timestamp":"2025-07-07T22:58:31.943732Z","logger":"liquibase.servicelocator","microservice":"","level":"DEBUG","message":"Loaded liquibase.sqlgenerator.SqlGenerator instance liquibase.sqlgenerator.core.InsertOrUpdateGeneratorMySQL","userId":"","orderId":"","thread":"main"}
{"timestamp":"2025-07-07T22:58:31.943833Z","logger":"liquibase.servicelocator","microservice":"","level":"DEBUG","message":"Loaded liquibase.sqlgenerator.SqlGenerator instance liquibase.sqlgenerator.core.InsertOrUpdateGeneratorOracle","userId":"","orderId":"","thread":"main"}
{"timestamp":"2025-07-07T22:58:31.943944Z","logger":"liquibase.servicelocator","microservice":"","level":"DEBUG","message":"Loaded liquibase.sqlgenerator.SqlGenerator instance liquibase.sqlgenerator.core.InsertOrUpdateGeneratorPostgres","userId":"","orderId":"","thread":"main"}
{"timestamp":"2025-07-07T22:58:31.944033Z","logger":"liquibase.servicelocator","microservice":"","level":"DEBUG","message":"Loaded liquibase.sqlgenerator.SqlGenerator instance liquibase.sqlgenerator.core.InsertOrUpdateGeneratorSQLite","userId":"","orderId":"","thread":"main"}
{"timestamp":"2025-07-07T22:58:31.944118Z","logger":"liquibase.servicelocator","microservice":"","level":"DEBUG","message":"Loaded liquibase.sqlgenerator.SqlGenerator instance liquibase.sqlgenerator.core.InsertOrUpdateGeneratorSybaseASA","userId":"","orderId":"","thread":"main"}
{"timestamp":"2025-07-07T22:58:31.944291Z","logger":"liquibase.servicelocator","microservice":"","level":"DEBUG","message":"Loaded liquibase.sqlgenerator.SqlGenerator instance liquibase.sqlgenerator.core.InsertSetGenerator","userId":"","orderId":"","thread":"main"}
{"timestamp":"2025-07-07T22:59:01.952537Z","logger":"liquibase.servicelocator","microservice":"","level":"DEBUG","message":"Loaded liquibase.sqlgenerator.SqlGenerator instance liquibase.sqlgenerator.core.LockDatabaseChangeLogGenerator","userId":"","orderId":"","thread":"main"}
{"timestamp":"2025-07-07T22:59:01.956799Z","logger":"liquibase.servicelocator","microservice":"","level":"DEBUG","message":"Loaded liquibase.sqlgenerator.SqlGenerator instance liquibase.sqlgenerator.core.MarkChangeSetRanGenerator","userId":"","orderId":"","thread":"main"}
{"timestamp":"2025-07-07T22:59:01.957637Z","logger":"liquibase.servicelocator","microservice":"","level":"DEBUG","message":"Loaded liquibase.sqlgenerator.SqlGenerator instance liquibase.sqlgenerator.core.ModifyDataTypeGenerator","userId":"","orderId":"","thread":"main"}
{"timestamp":"2025-07-07T22:59:01.958048Z","logger":"liquibase.servicelocator","microservice":"","level":"DEBUG","message":"Loaded liquibase.sqlgenerator.SqlGenerator instance liquibase.sqlgenerator.core.RawParameterizedSqlGenerator","userId":"","orderId":"","thread":"main"}
{"timestamp":"2025-07-07T22:59:01.958325Z","logger":"liquibase.servicelocator","microservice":"","level":"DEBUG","message":"Loaded liquibase.sqlgenerator.SqlGenerator instance liquibase.sqlgenerator.core.RawSqlGenerator","userId":"","orderId":"","thread":"main"}
{"timestamp":"2025-07-07T22:59:01.958659Z","logger":"liquibase.servicelocator","microservice":"","level":"DEBUG","message":"Loaded liquibase.sqlgenerator.SqlGenerator instance liquibase.sqlgenerator.core.ReindexGeneratorSQLite","userId":"","orderId":"","thread":"main"}
{"timestamp":"2025-07-07T22:59:01.958954Z","logger":"liquibase.servicelocator","microservice":"","level":"DEBUG","message":"Loaded liquibase.sqlgenerator.SqlGenerator instance liquibase.sqlgenerator.core.RemoveChangeSetRanStatusGenerator","userId":"","orderId":"","thread":"main"}
{"timestamp":"2025-07-07T22:59:01.959436Z","logger":"liquibase.servicelocator","microservice":"","level":"DEBUG","message":"Loaded liquibase.sqlgenerator.SqlGenerator instance liquibase.sqlgenerator.core.RenameColumnGenerator","userId":"","orderId":"","thread":"main"}
{"timestamp":"2025-07-07T22:59:01.959752Z","logger":"liquibase.servicelocator","microservice":"","level":"DEBUG","message":"Loaded liquibase.sqlgenerator.SqlGenerator instance liquibase.sqlgenerator.core.RenameSequenceGenerator","userId":"","orderId":"","thread":"main"}
{"timestamp":"2025-07-07T22:59:01.960073Z","logger":"liquibase.servicelocator","microservice":"","level":"DEBUG","message":"Loaded liquibase.sqlgenerator.SqlGenerator instance liquibase.sqlgenerator.core.RenameTableGenerator","userId":"","orderId":"","thread":"main"}
{"timestamp":"2025-07-07T22:59:01.960454Z","logger":"liquibase.servicelocator","microservice":"","level":"DEBUG","message":"Loaded liquibase.sqlgenerator.SqlGenerator instance liquibase.sqlgenerator.core.RenameViewGenerator","userId":"","orderId":"","thread":"main"}
{"timestamp":"2025-07-07T22:59:01.961541Z","logger":"liquibase.servicelocator","microservice":"","level":"DEBUG","message":"Loaded liquibase.sqlgenerator.SqlGenerator instance liquibase.sqlgenerator.core.ReorganizeTableGeneratorDB2","userId":"","orderId":"","thread":"main"}
{"timestamp":"2025-07-07T22:59:01.96203Z","logger":"liquibase.servicelocator","microservice":"","level":"DEBUG","message":"Loaded liquibase.sqlgenerator.SqlGenerator instance liquibase.sqlgenerator.core.RuntimeGenerator","userId":"","orderId":"","thread":"main"}
{"timestamp":"2025-07-07T22:59:01.963775Z","logger":"liquibase.servicelocator","microservice":"","level":"DEBUG","message":"Loaded liquibase.sqlgenerator.SqlGenerator instance liquibase.sqlgenerator.core.SelectFromDatabaseChangeLogGenerator","userId":"","orderId":"","thread":"main"}
{"timestamp":"2025-07-07T22:59:01.964218Z","logger":"liquibase.servicelocator","microservice":"","level":"DEBUG","message":"Loaded liquibase.sqlgenerator.SqlGenerator instance liquibase.sqlgenerator.core.SelectFromDatabaseChangeLogLockGenerator","userId":"","orderId":"","thread":"main"}
{"timestamp":"2025-07-07T22:59:01.964891Z","logger":"liquibase.servicelocator","microservice":"","level":"DEBUG","message":"Loaded liquibase.sqlgenerator.SqlGenerator instance liquibase.sqlgenerator.core.SetColumnRemarksGenerator","userId":"","orderId":"","thread":"main"}
{"timestamp":"2025-07-07T22:59:01.965258Z","logger":"liquibase.servicelocator","microservice":"","level":"DEBUG","message":"Loaded liquibase.sqlgenerator.SqlGenerator instance liquibase.sqlgenerator.core.SetNullableGenerator","userId":"","orderId":"","thread":"main"}
{"timestamp":"2025-07-07T22:59:01.965507Z","logger":"liquibase.servicelocator","microservice":"","level":"DEBUG","message":"Loaded liquibase.sqlgenerator.SqlGenerator instance liquibase.sqlgenerator.core.SetTableRemarksGenerator","userId":"","orderId":"","thread":"main"}
{"timestamp":"2025-07-07T22:59:01.965951Z","logger":"liquibase.servicelocator","microservice":"","level":"DEBUG","message":"Loaded liquibase.sqlgenerator.SqlGenerator instance liquibase.sqlgenerator.core.SetViewRemarksGenerator","userId":"","orderId":"","thread":"main"}
{"timestamp":"2025-07-07T22:59:01.966159Z","logger":"liquibase.servicelocator","microservice":"","level":"DEBUG","message":"Loaded liquibase.sqlgenerator.SqlGenerator instance liquibase.sqlgenerator.core.StoredProcedureGenerator","userId":"","orderId":"","thread":"main"}
{"timestamp":"2025-07-07T22:59:01.966356Z","logger":"liquibase.servicelocator","microservice":"","level":"DEBUG","message":"Loaded liquibase.sqlgenerator.SqlGenerator instance liquibase.sqlgenerator.core.TableIsEmptyGenerator","userId":"","orderId":"","thread":"main"}
{"timestamp":"2025-07-07T22:59:01.966598Z","logger":"liquibase.servicelocator","microservice":"","level":"DEBUG","message":"Loaded liquibase.sqlgenerator.SqlGenerator instance liquibase.sqlgenerator.core.TableRowCountGenerator","userId":"","orderId":"","thread":"main"}
{"timestamp":"2025-07-07T22:59:01.967082Z","logger":"liquibase.servicelocator","microservice":"","level":"DEBUG","message":"Loaded liquibase.sqlgenerator.SqlGenerator instance liquibase.sqlgenerator.core.TagDatabaseGenerator","userId":"","orderId":"","thread":"main"}
{"timestamp":"2025-07-07T22:59:01.967326Z","logger":"liquibase.servicelocator","microservice":"","level":"DEBUG","message":"Loaded liquibase.sqlgenerator.SqlGenerator instance liquibase.sqlgenerator.core.UnlockDatabaseChangeLogGenerator","userId":"","orderId":"","thread":"main"}
{"timestamp":"2025-07-07T22:59:01.96757Z","logger":"liquibase.servicelocator","microservice":"","level":"DEBUG","message":"Loaded liquibase.sqlgenerator.SqlGenerator instance liquibase.sqlgenerator.core.UpdateChangeSetChecksumGenerator","userId":"","orderId":"","thread":"main"}
{"timestamp":"2025-07-07T22:59:01.967815Z","logger":"liquibase.servicelocator","microservice":"","level":"DEBUG","message":"Loaded liquibase.sqlgenerator.SqlGenerator instance liquibase.sqlgenerator.core.UpdateChangeSetFilenameGenerator","userId":"","orderId":"","thread":"main"}
{"timestamp":"2025-07-07T22:59:01.967976Z","logger":"liquibase.servicelocator","microservice":"","level":"DEBUG","message":"Loaded liquibase.sqlgenerator.SqlGenerator instance liquibase.sqlgenerator.core.UpdateDataChangeGenerator","userId":"","orderId":"","thread":"main"}
{"timestamp":"2025-07-07T22:59:01.968278Z","logger":"liquibase.servicelocator","microservice":"","level":"DEBUG","message":"Loaded liquibase.sqlgenerator.SqlGenerator instance liquibase.sqlgenerator.core.UpdateGenerator","userId":"","orderId":"","thread":"main"}
{"timestamp":"2025-07-07T22:59:01.968542Z","logger":"liquibase.servicelocator","microservice":"","level":"DEBUG","message":"Loaded liquibase.sqlgenerator.SqlGenerator instance liquibase.sqlgenerator.core.CreateSequenceGeneratorSnowflake","userId":"","orderId":"","thread":"main"}
{"timestamp":"2025-07-07T22:59:01.968722Z","logger":"liquibase.servicelocator","microservice":"","level":"DEBUG","message":"Loaded liquibase.sqlgenerator.SqlGenerator instance liquibase.sqlgenerator.core.DropDefaultValueGeneratorSnowflake","userId":"","orderId":"","thread":"main"}
{"timestamp":"2025-07-07T22:59:01.968884Z","logger":"liquibase.servicelocator","microservice":"","level":"DEBUG","message":"Loaded liquibase.sqlgenerator.SqlGenerator instance liquibase.sqlgenerator.core.DropProcedureGeneratorSnowflake","userId":"","orderId":"","thread":"main"}
{"timestamp":"2025-07-07T22:59:01.969146Z","logger":"liquibase.servicelocator","microservice":"","level":"DEBUG","message":"Loaded liquibase.sqlgenerator.SqlGenerator instance liquibase.sqlgenerator.core.InsertOrUpdateGeneratorSnowflake","userId":"","orderId":"","thread":"main"}
{"timestamp":"2025-07-07T22:59:01.969332Z","logger":"liquibase.servicelocator","microservice":"","level":"DEBUG","message":"Loaded liquibase.sqlgenerator.SqlGenerator instance liquibase.sqlgenerator.core.RenameTableGeneratorSnowflake","userId":"","orderId":"","thread":"main"}
{"timestamp":"2025-07-07T22:59:01.969496Z","logger":"liquibase.servicelocator","microservice":"","level":"DEBUG","message":"Loaded liquibase.sqlgenerator.SqlGenerator instance liquibase.sqlgenerator.core.RenameViewGeneratorSnowflake","userId":"","orderId":"","thread":"main"}
{"timestamp":"2025-07-07T22:59:01.969741Z","logger":"liquibase.servicelocator","microservice":"","level":"DEBUG","message":"Loaded liquibase.sqlgenerator.SqlGenerator instance liquibase.sqlgenerator.core.SetColumnRemarksGeneratorSnowflake","userId":"","orderId":"","thread":"main"}
{"timestamp":"2025-07-07T22:59:01.969905Z","logger":"liquibase.servicelocator","microservice":"","level":"DEBUG","message":"Loaded liquibase.sqlgenerator.SqlGenerator instance liquibase.sqlgenerator.core.SetTableRemarksGeneratorSnowflake","userId":"","orderId":"","thread":"main"}
{"timestamp":"2025-07-07T22:59:01.970093Z","logger":"liquibase.servicelocator","microservice":"","level":"DEBUG","message":"Loaded liquibase.sqlgenerator.SqlGenerator instance liquibase.sqlgenerator.core.GetViewDefinitionGeneratorSnowflake","userId":"","orderId":"","thread":"main"}
{"timestamp":"2025-07-07T22:59:01.997989Z","logger":"liquibase.database","microservice":"","level":"INFO","message":"Set default schema name to public","userId":"","orderId":"","thread":"main"}
{"timestamp":"2025-07-07T22:59:01.999016Z","logger":"liquibase.configuration","microservice":"","level":"DEBUG","message":"No configuration value for liquibase.liquibaseSchemaName aka liquibase.schemaName found","userId":"","orderId":"","thread":"main"}
{"timestamp":"2025-07-07T22:59:02.00028Z","logger":"liquibase.configuration","microservice":"","level":"DEBUG","message":"No configuration value for liquibase.supportPropertyEscaping aka enableEscaping found","userId":"","orderId":"","thread":"main"}
{"timestamp":"2025-07-07T22:59:02.000336Z","logger":"liquibase.configuration","microservice":"","level":"DEBUG","message":"Configuration liquibase.supportPropertyEscaping is using the default value of false","userId":"","orderId":"","thread":"main"}
{"timestamp":"2025-07-07T22:59:02.012736Z","logger":"liquibase.servicelocator","microservice":"","level":"DEBUG","message":"Loaded liquibase.command.CommandStep instance liquibase.command.core.UpdateToTagCommandStep","userId":"","orderId":"","thread":"main"}
{"timestamp":"2025-07-07T22:59:02.013557Z","logger":"liquibase.servicelocator","microservice":"","level":"DEBUG","message":"Loaded liquibase.command.CommandStep instance liquibase.command.core.DropAllCommandStep","userId":"","orderId":"","thread":"main"}
{"timestamp":"2025-07-07T22:59:02.014679Z","logger":"liquibase.servicelocator","microservice":"","level":"DEBUG","message":"Loaded liquibase.command.CommandStep instance liquibase.command.core.StatusCommandStep","userId":"","orderId":"","thread":"main"}
{"timestamp":"2025-07-07T22:59:02.014899Z","logger":"liquibase.servicelocator","microservice":"","level":"DEBUG","message":"Loaded liquibase.command.CommandStep instance liquibase.command.core.MarkNextChangesetRanCommandStep","userId":"","orderId":"","thread":"main"}
{"timestamp":"2025-07-07T22:59:02.015127Z","logger":"liquibase.servicelocator","microservice":"","level":"DEBUG","message":"Loaded liquibase.command.CommandStep instance liquibase.command.core.TagCommandStep","userId":"","orderId":"","thread":"main"}
{"timestamp":"2025-07-07T22:59:02.032491Z","logger":"liquibase.servicelocator","microservice":"","level":"DEBUG","message":"Loaded liquibase.command.CommandStep instance liquibase.command.core.DiffChangelogCommandStep","userId":"","orderId":"","thread":"main"}
{"timestamp":"2025-07-07T22:59:02.034224Z","logger":"liquibase.servicelocator","microservice":"","level":"DEBUG","message":"Loaded liquibase.command.CommandStep instance liquibase.command.core.RollbackToDateSqlCommandStep","userId":"","orderId":"","thread":"main"}
{"timestamp":"2025-07-07T22:59:02.034734Z","logger":"liquibase.servicelocator","microservice":"","level":"DEBUG","message":"Loaded liquibase.command.CommandStep instance liquibase.command.core.UpdateCountSqlCommandStep","userId":"","orderId":"","thread":"main"}
{"timestamp":"2025-07-07T22:59:02.035599Z","logger":"liquibase.servicelocator","microservice":"","level":"DEBUG","message":"Loaded liquibase.command.CommandStep instance liquibase.command.core.CalculateChecksumCommandStep","userId":"","orderId":"","thread":"main"}
{"timestamp":"2025-07-07T22:59:02.035694Z","logger":"liquibase.servicelocator","microservice":"","level":"DEBUG","message":"Loaded liquibase.command.CommandStep instance liquibase.command.core.RollbackToDateCommandStep","userId":"","orderId":"","thread":"main"}
{"timestamp":"2025-07-07T22:59:02.036231Z","logger":"liquibase.servicelocator","microservice":"","level":"DEBUG","message":"Loaded liquibase.command.CommandStep instance liquibase.command.core.init.InitCopyCommandStep","userId":"","orderId":"","thread":"main"}
{"timestamp":"2025-07-07T22:59:02.038275Z","logger":"liquibase.servicelocator","microservice":"","level":"DEBUG","message":"Loaded liquibase.command.CommandStep instance liquibase.command.core.init.InitProjectCommandStep","userId":"","orderId":"","thread":"main"}
{"timestamp":"2025-07-07T22:59:02.03885Z","logger":"liquibase.servicelocator","microservice":"","level":"DEBUG","message":"Loaded liquibase.command.CommandStep instance liquibase.command.core.helpers.ReferenceDbUrlConnectionCommandStep","userId":"","orderId":"","thread":"main"}
{"timestamp":"2025-07-07T22:59:02.039065Z","logger":"liquibase.servicelocator","microservice":"","level":"DEBUG","message":"Loaded liquibase.command.CommandStep instance liquibase.command.core.helpers.ChangeExecListenerCommandStep","userId":"","orderId":"","thread":"main"}
{"timestamp":"2025-07-07T22:59:02.039402Z","logger":"liquibase.servicelocator","microservice":"","level":"DEBUG","message":"Loaded liquibase.command.CommandStep instance liquibase.command.core.helpers.ShowSummaryArgument","userId":"","orderId":"","thread":"main"}
{"timestamp":"2025-07-07T22:59:02.039557Z","logger":"liquibase.servicelocator","microservice":"","level":"DEBUG","message":"Loaded liquibase.command.CommandStep instance liquibase.command.core.helpers.LockServiceCommandStep","userId":"","orderId":"","thread":"main"}
{"timestamp":"2025-07-07T22:59:02.039907Z","logger":"liquibase.servicelocator","microservice":"","level":"DEBUG","message":"Loaded liquibase.command.CommandStep instance liquibase.command.core.helpers.DatabaseChangelogCommandStep","userId":"","orderId":"","thread":"main"}
{"timestamp":"2025-07-07T22:59:02.040551Z","logger":"liquibase.servicelocator","microservice":"","level":"DEBUG","message":"Loaded liquibase.command.CommandStep instance liquibase.command.core.helpers.DbUrlConnectionCommandStep","userId":"","orderId":"","thread":"main"}
{"timestamp":"2025-07-07T22:59:02.040801Z","logger":"liquibase.servicelocator","microservice":"","level":"DEBUG","message":"Loaded liquibase.command.CommandStep instance liquibase.command.core.helpers.ReferenceDatabaseOutputWriterCommandStep","userId":"","orderId":"","thread":"main"}
{"timestamp":"2025-07-07T22:59:02.041536Z","logger":"liquibase.servicelocator","microservice":"","level":"DEBUG","message":"Loaded liquibase.command.CommandStep instance liquibase.command.core.helpers.DiffOutputControlCommandStep","userId":"","orderId":"","thread":"main"}
{"timestamp":"2025-07-07T22:59:02.042214Z","logger":"liquibase.servicelocator","microservice":"","level":"DEBUG","message":"Loaded liquibase.command.CommandStep instance liquibase.command.core.helpers.PreCompareCommandStep","userId":"","orderId":"","thread":"main"}
{"timestamp":"2025-07-07T22:59:02.042272Z","logger":"liquibase.servicelocator","microservice":"","level":"DEBUG","message":"Loaded liquibase.command.CommandStep instance liquibase.command.core.helpers.DbUrlConnectionArgumentsCommandStep","userId":"","orderId":"","thread":"main"}
{"timestamp":"2025-07-07T22:59:02.042412Z","logger":"liquibase.servicelocator","microservice":"","level":"DEBUG","message":"Loaded liquibase.command.CommandStep instance liquibase.command.core.helpers.DiffArgumentsCommandStep","userId":"","orderId":"","thread":"main"}
{"timestamp":"2025-07-07T22:59:02.042529Z","logger":"liquibase.servicelocator","microservice":"","level":"DEBUG","message":"Loaded liquibase.command.CommandStep instance liquibase.command.core.helpers.OutputWriterCommandStep","userId":"","orderId":"","thread":"main"}
{"timestamp":"2025-07-07T22:59:02.042729Z","logger":"liquibase.servicelocator","microservice":"","level":"DEBUG","message":"Loaded liquibase.command.CommandStep instance liquibase.command.core.UpdateTestingRollbackCommandStep","userId":"","orderId":"","thread":"main"}
{"timestamp":"2025-07-07T22:59:02.042962Z","logger":"liquibase.servicelocator","microservice":"","level":"DEBUG","message":"Loaded liquibase.command.CommandStep instance liquibase.command.core.RollbackCountCommandStep","userId":"","orderId":"","thread":"main"}
{"timestamp":"2025-07-07T22:59:02.043004Z","logger":"liquibase.servicelocator","microservice":"","level":"DEBUG","message":"Loaded liquibase.command.CommandStep instance liquibase.command.core.UpdateCountCommandStep","userId":"","orderId":"","thread":"main"}
{"timestamp":"2025-07-07T22:59:02.043536Z","logger":"liquibase.servicelocator","microservice":"","level":"DEBUG","message":"Loaded liquibase.command.CommandStep instance liquibase.command.core.SnapshotCommandStep","userId":"","orderId":"","thread":"main"}
{"timestamp":"2025-07-07T22:59:02.044058Z","logger":"liquibase.servicelocator","microservice":"","level":"DEBUG","message":"Loaded liquibase.command.CommandStep instance liquibase.command.core.ChangelogSyncToTagSqlCommandStep","userId":"","orderId":"","thread":"main"}
{"timestamp":"2025-07-07T22:59:02.044379Z","logger":"liquibase.servicelocator","microservice":"","level":"DEBUG","message":"Loaded liquibase.command.CommandStep instance liquibase.command.core.InternalSnapshotCommandStep","userId":"","orderId":"","thread":"main"}
{"timestamp":"2025-07-07T22:59:02.044551Z","logger":"liquibase.servicelocator","microservice":"","level":"DEBUG","message":"Loaded liquibase.command.CommandStep instance liquibase.command.core.RollbackCountSqlCommandStep","userId":"","orderId":"","thread":"main"}
{"timestamp":"2025-07-07T22:59:02.044813Z","logger":"liquibase.servicelocator","microservice":"","level":"DEBUG","message":"Loaded liquibase.command.CommandStep instance liquibase.command.core.ExecuteSqlCommandStep","userId":"","orderId":"","thread":"main"}
{"timestamp":"2025-07-07T22:59:02.044995Z","logger":"liquibase.servicelocator","microservice":"","level":"DEBUG","message":"Loaded liquibase.command.CommandStep instance liquibase.command.core.ListLocksCommandStep","userId":"","orderId":"","thread":"main"}
{"timestamp":"2025-07-07T22:59:02.045118Z","logger":"liquibase.servicelocator","microservice":"","level":"DEBUG","message":"Loaded liquibase.command.CommandStep instance liquibase.command.core.ValidateCommandStep","userId":"","orderId":"","thread":"main"}
{"timestamp":"2025-07-07T22:59:02.045366Z","logger":"liquibase.servicelocator","microservice":"","level":"DEBUG","message":"Loaded liquibase.command.CommandStep instance liquibase.command.core.UpdateToTagSqlCommandStep","userId":"","orderId":"","thread":"main"}
{"timestamp":"2025-07-07T22:59:02.045553Z","logger":"liquibase.servicelocator","microservice":"","level":"DEBUG","message":"Loaded liquibase.command.CommandStep instance liquibase.command.core.UpdateSqlCommandStep","userId":"","orderId":"","thread":"main"}
{"timestamp":"2025-07-07T22:59:02.045915Z","logger":"liquibase.servicelocator","microservice":"","level":"DEBUG","message":"Loaded liquibase.command.CommandStep instance liquibase.command.core.StartH2CommandStep","userId":"","orderId":"","thread":"main"}
{"timestamp":"2025-07-07T22:59:02.046059Z","logger":"liquibase.servicelocator","microservice":"","level":"DEBUG","message":"Loaded liquibase.command.CommandStep instance liquibase.command.core.SnapshotReferenceCommandStep","userId":"","orderId":"","thread":"main"}
{"timestamp":"2025-07-07T22:59:02.04617Z","logger":"liquibase.servicelocator","microservice":"","level":"DEBUG","message":"Loaded liquibase.command.CommandStep instance liquibase.command.core.MarkNextChangesetRanSqlCommandStep","userId":"","orderId":"","thread":"main"}
{"timestamp":"2025-07-07T22:59:02.046202Z","logger":"liquibase.servicelocator","microservice":"","level":"DEBUG","message":"Loaded liquibase.command.CommandStep instance liquibase.command.core.ChangelogSyncSqlCommandStep","userId":"","orderId":"","thread":"main"}
{"timestamp":"2025-07-07T22:59:02.046369Z","logger":"liquibase.servicelocator","microservice":"","level":"DEBUG","message":"Loaded liquibase.command.CommandStep instance liquibase.command.core.TagExistsCommandStep","userId":"","orderId":"","thread":"main"}
{"timestamp":"2025-07-07T22:59:02.046478Z","logger":"liquibase.servicelocator","microservice":"","level":"DEBUG","message":"Loaded liquibase.command.CommandStep instance liquibase.command.core.ChangelogSyncToTagCommandStep","userId":"","orderId":"","thread":"main"}
{"timestamp":"2025-07-07T22:59:02.046597Z","logger":"liquibase.servicelocator","microservice":"","level":"DEBUG","message":"Loaded liquibase.command.CommandStep instance liquibase.command.core.ReleaseLocksCommandStep","userId":"","orderId":"","thread":"main"}
{"timestamp":"2025-07-07T22:59:02.046936Z","logger":"liquibase.servicelocator","microservice":"","level":"DEBUG","message":"Loaded liquibase.command.CommandStep instance liquibase.command.core.FutureRollbackSqlCommandStep","userId":"","orderId":"","thread":"main"}
{"timestamp":"2025-07-07T22:59:02.047053Z","logger":"liquibase.servicelocator","microservice":"","level":"DEBUG","message":"Loaded liquibase.command.CommandStep instance liquibase.command.core.StopH2CommandStep","userId":"","orderId":"","thread":"main"}
{"timestamp":"2025-07-07T22:59:02.047523Z","logger":"liquibase.servicelocator","microservice":"","level":"DEBUG","message":"Loaded liquibase.command.CommandStep instance liquibase.command.core.DiffCommandStep","userId":"","orderId":"","thread":"main"}
{"timestamp":"2025-07-07T22:59:02.048101Z","logger":"liquibase.servicelocator","microservice":"","level":"DEBUG","message":"Loaded liquibase.command.CommandStep instance liquibase.command.core.RollbackCommandStep","userId":"","orderId":"","thread":"main"}
{"timestamp":"2025-07-07T22:59:02.048146Z","logger":"liquibase.servicelocator","microservice":"","level":"DEBUG","message":"Loaded liquibase.command.CommandStep instance liquibase.command.core.ChangelogSyncCommandStep","userId":"","orderId":"","thread":"main"}
{"timestamp":"2025-07-07T22:59:02.048263Z","logger":"liquibase.servicelocator","microservice":"","level":"DEBUG","message":"Loaded liquibase.command.CommandStep instance liquibase.command.core.ClearChecksumsCommandStep","userId":"","orderId":"","thread":"main"}
{"timestamp":"2025-07-07T22:59:02.048456Z","logger":"liquibase.servicelocator","microservice":"","level":"DEBUG","message":"Loaded liquibase.command.CommandStep instance liquibase.command.core.DbDocCommandStep","userId":"","orderId":"","thread":"main"}
{"timestamp":"2025-07-07T22:59:02.048668Z","logger":"liquibase.servicelocator","microservice":"","level":"DEBUG","message":"Loaded liquibase.command.CommandStep instance liquibase.command.core.RollbackSqlCommandStep","userId":"","orderId":"","thread":"main"}
{"timestamp":"2025-07-07T22:59:02.048851Z","logger":"liquibase.servicelocator","microservice":"","level":"DEBUG","message":"Loaded liquibase.command.CommandStep instance liquibase.command.core.UnexpectedChangesetsCommandStep","userId":"","orderId":"","thread":"main"}
{"timestamp":"2025-07-07T22:59:02.04899Z","logger":"liquibase.servicelocator","microservice":"","level":"DEBUG","message":"Loaded liquibase.command.CommandStep instance liquibase.command.core.FutureRollbackCountSqlCommandStep","userId":"","orderId":"","thread":"main"}
{"timestamp":"2025-07-07T22:59:02.049887Z","logger":"liquibase.servicelocator","microservice":"","level":"DEBUG","message":"Loaded liquibase.command.CommandStep instance liquibase.command.core.HistoryCommandStep","userId":"","orderId":"","thread":"main"}
{"timestamp":"2025-07-07T22:59:02.050258Z","logger":"liquibase.servicelocator","microservice":"","level":"DEBUG","message":"Loaded liquibase.command.CommandStep instance liquibase.command.core.GenerateChangelogCommandStep","userId":"","orderId":"","thread":"main"}
{"timestamp":"2025-07-07T22:59:02.050298Z","logger":"liquibase.servicelocator","microservice":"","level":"DEBUG","message":"Loaded liquibase.command.CommandStep instance liquibase.command.core.UpdateCommandStep","userId":"","orderId":"","thread":"main"}
{"timestamp":"2025-07-07T22:59:02.050431Z","logger":"liquibase.servicelocator","microservice":"","level":"DEBUG","message":"Loaded liquibase.command.CommandStep instance liquibase.command.core.FutureRollbackFromTagSqlCommandStep","userId":"","orderId":"","thread":"main"}
{"timestamp":"2025-07-07T22:59:02.05351Z","logger":"liquibase.servicelocator","microservice":"","level":"DEBUG","message":"Loaded liquibase.logging.mdc.MdcManager instance liquibase.logging.mdc.NoOpMdcManager","userId":"","orderId":"","thread":"main"}
{"timestamp":"2025-07-07T22:59:02.057177Z","logger":"liquibase.configuration","microservice":"","level":"DEBUG","message":"No configuration value for liquibase.strict found","userId":"","orderId":"","thread":"main"}
{"timestamp":"2025-07-07T22:59:02.057227Z","logger":"liquibase.configuration","microservice":"","level":"DEBUG","message":"Configuration liquibase.strict is using the default value of false","userId":"","orderId":"","thread":"main"}
{"timestamp":"2025-07-07T22:59:02.062118Z","logger":"liquibase.configuration","microservice":"","level":"DEBUG","message":"No configuration value for liquibase.command.update.changeExecListener found","userId":"","orderId":"","thread":"main"}
{"timestamp":"2025-07-07T22:59:02.062369Z","logger":"liquibase.configuration","microservice":"","level":"DEBUG","message":"No configuration value for liquibase.command.changeExecListener found","userId":"","orderId":"","thread":"main"}
{"timestamp":"2025-07-07T22:59:02.062752Z","logger":"liquibase.configuration","microservice":"","level":"DEBUG","message":"No configuration value for liquibase.command.update.changeExecListenerClass found","userId":"","orderId":"","thread":"main"}
{"timestamp":"2025-07-07T22:59:02.063056Z","logger":"liquibase.configuration","microservice":"","level":"DEBUG","message":"No configuration value for liquibase.command.changeExecListenerClass found","userId":"","orderId":"","thread":"main"}
{"timestamp":"2025-07-07T22:59:02.063413Z","logger":"liquibase.configuration","microservice":"","level":"DEBUG","message":"No configuration value for liquibase.command.update.changeExecListenerPropertiesFile found","userId":"","orderId":"","thread":"main"}
{"timestamp":"2025-07-07T22:59:02.0636Z","logger":"liquibase.configuration","microservice":"","level":"DEBUG","message":"No configuration value for liquibase.command.changeExecListenerPropertiesFile found","userId":"","orderId":"","thread":"main"}
{"timestamp":"2025-07-07T22:59:02.07264Z","logger":"liquibase.configuration","microservice":"","level":"DEBUG","message":"Found 'liquibase.command.update.changelogFile' configuration of 'file:./etc/sql/changelog/db.changelog-master.xml'\n    command argument 'changelogFile' of 'file:./etc/sql/changelog/db.changelog-master.xml'","userId":"","orderId":"","thread":"main"}
{"timestamp":"2025-07-07T22:59:02.073011Z","logger":"liquibase.configuration","microservice":"","level":"DEBUG","message":"Found 'liquibase.command.update.changelogParameters' configuration of 'liquibase.changelog.ChangeLogParameters@18ca9277'\n    command argument 'changelogParameters' of 'liquibase.changelog.ChangeLogParameters@18ca9277'","userId":"","orderId":"","thread":"main"}
{"timestamp":"2025-07-07T22:59:02.073297Z","logger":"liquibase.configuration","microservice":"","level":"DEBUG","message":"No configuration value for liquibase.command.update.contextFilter aka liquibase.command.update.contexts found","userId":"","orderId":"","thread":"main"}
{"timestamp":"2025-07-07T22:59:02.073502Z","logger":"liquibase.configuration","microservice":"","level":"DEBUG","message":"No configuration value for liquibase.command.contextFilter aka liquibase.command.contexts found","userId":"","orderId":"","thread":"main"}
{"timestamp":"2025-07-07T22:59:02.073773Z","logger":"liquibase.configuration","microservice":"","level":"DEBUG","message":"Found 'liquibase.command.update.database' configuration of 'postgres @ jdbc:postgresql://localhost:5433/usersdb (Default Schema: public)'\n    command argument 'database' of 'postgres @ jdbc:postgresql://localhost:5433/usersdb (Default Schema: public)'","userId":"","orderId":"","thread":"main"}
{"timestamp":"2025-07-07T22:59:02.073967Z","logger":"liquibase.configuration","microservice":"","level":"DEBUG","message":"No configuration value for liquibase.command.update.databaseChangelog found","userId":"","orderId":"","thread":"main"}
{"timestamp":"2025-07-07T22:59:02.074111Z","logger":"liquibase.configuration","microservice":"","level":"DEBUG","message":"No configuration value for liquibase.command.databaseChangelog found","userId":"","orderId":"","thread":"main"}
{"timestamp":"2025-07-07T22:59:02.074277Z","logger":"liquibase.configuration","microservice":"","level":"DEBUG","message":"No configuration value for liquibase.command.update.defaultCatalogName found","userId":"","orderId":"","thread":"main"}
{"timestamp":"2025-07-07T22:59:02.074422Z","logger":"liquibase.configuration","microservice":"","level":"DEBUG","message":"No configuration value for liquibase.command.defaultCatalogName found","userId":"","orderId":"","thread":"main"}
{"timestamp":"2025-07-07T22:59:02.074677Z","logger":"liquibase.configuration","microservice":"","level":"DEBUG","message":"No configuration value for liquibase.command.update.defaultSchemaName found","userId":"","orderId":"","thread":"main"}
{"timestamp":"2025-07-07T22:59:02.075024Z","logger":"liquibase.configuration","microservice":"","level":"DEBUG","message":"No configuration value for liquibase.command.defaultSchemaName found","userId":"","orderId":"","thread":"main"}
{"timestamp":"2025-07-07T22:59:02.075176Z","logger":"liquibase.configuration","microservice":"","level":"DEBUG","message":"No configuration value for liquibase.command.update.driver found","userId":"","orderId":"","thread":"main"}
{"timestamp":"2025-07-07T22:59:02.075297Z","logger":"liquibase.configuration","microservice":"","level":"DEBUG","message":"No configuration value for liquibase.command.driver found","userId":"","orderId":"","thread":"main"}
{"timestamp":"2025-07-07T22:59:02.075452Z","logger":"liquibase.configuration","microservice":"","level":"DEBUG","message":"No configuration value for liquibase.command.update.driverPropertiesFile found","userId":"","orderId":"","thread":"main"}
{"timestamp":"2025-07-07T22:59:02.075569Z","logger":"liquibase.configuration","microservice":"","level":"DEBUG","message":"No configuration value for liquibase.command.driverPropertiesFile found","userId":"","orderId":"","thread":"main"}
{"timestamp":"2025-07-07T22:59:02.075774Z","logger":"liquibase.configuration","microservice":"","level":"DEBUG","message":"No configuration value for liquibase.command.update.labelFilter aka liquibase.command.update.labels found","userId":"","orderId":"","thread":"main"}
{"timestamp":"2025-07-07T22:59:02.075957Z","logger":"liquibase.configuration","microservice":"","level":"DEBUG","message":"No configuration value for liquibase.command.labelFilter aka liquibase.command.labels found","userId":"","orderId":"","thread":"main"}
{"timestamp":"2025-07-07T22:59:02.076113Z","logger":"liquibase.configuration","microservice":"","level":"DEBUG","message":"No configuration value for liquibase.command.update.password found","userId":"","orderId":"","thread":"main"}
{"timestamp":"2025-07-07T22:59:02.07624Z","logger":"liquibase.configuration","microservice":"","level":"DEBUG","message":"No configuration value for liquibase.command.password found","userId":"","orderId":"","thread":"main"}
{"timestamp":"2025-07-07T22:59:02.076389Z","logger":"liquibase.configuration","microservice":"","level":"DEBUG","message":"No configuration value for liquibase.command.update.showSummary found","userId":"","orderId":"","thread":"main"}
{"timestamp":"2025-07-07T22:59:02.076408Z","logger":"liquibase.configuration","microservice":"","level":"DEBUG","message":"Configuration liquibase.command.update.showSummary is using the default value of SUMMARY","userId":"","orderId":"","thread":"main"}
{"timestamp":"2025-07-07T22:59:02.076532Z","logger":"liquibase.configuration","microservice":"","level":"DEBUG","message":"No configuration value for liquibase.command.showSummary found","userId":"","orderId":"","thread":"main"}
{"timestamp":"2025-07-07T22:59:02.076548Z","logger":"liquibase.configuration","microservice":"","level":"DEBUG","message":"Configuration liquibase.command.showSummary is using the default value of SUMMARY","userId":"","orderId":"","thread":"main"}
{"timestamp":"2025-07-07T22:59:02.076727Z","logger":"liquibase.configuration","microservice":"","level":"DEBUG","message":"Found 'liquibase.command.update.showSummaryOutput' configuration of 'LOG'\n    command argument 'showSummaryOutput' of 'LOG'","userId":"","orderId":"","thread":"main"}
{"timestamp":"2025-07-07T22:59:02.076886Z","logger":"liquibase.configuration","microservice":"","level":"DEBUG","message":"No configuration value for liquibase.command.update.skipDatabaseStep found","userId":"","orderId":"","thread":"main"}
{"timestamp":"2025-07-07T22:59:02.076902Z","logger":"liquibase.configuration","microservice":"","level":"DEBUG","message":"Configuration liquibase.command.update.skipDatabaseStep is using the default value of false","userId":"","orderId":"","thread":"main"}
{"timestamp":"2025-07-07T22:59:02.077024Z","logger":"liquibase.configuration","microservice":"","level":"DEBUG","message":"No configuration value for liquibase.command.skipDatabaseStep found","userId":"","orderId":"","thread":"main"}
{"timestamp":"2025-07-07T22:59:02.077037Z","logger":"liquibase.configuration","microservice":"","level":"DEBUG","message":"Configuration liquibase.command.skipDatabaseStep is using the default value of false","userId":"","orderId":"","thread":"main"}
{"timestamp":"2025-07-07T22:59:02.077171Z","logger":"liquibase.configuration","microservice":"","level":"DEBUG","message":"No configuration value for liquibase.command.update.updateNullChecksums found","userId":"","orderId":"","thread":"main"}
{"timestamp":"2025-07-07T22:59:02.077187Z","logger":"liquibase.configuration","microservice":"","level":"DEBUG","message":"Configuration liquibase.command.update.updateNullChecksums is using the default value of false","userId":"","orderId":"","thread":"main"}
{"timestamp":"2025-07-07T22:59:02.077295Z","logger":"liquibase.configuration","microservice":"","level":"DEBUG","message":"No configuration value for liquibase.command.updateNullChecksums found","userId":"","orderId":"","thread":"main"}
{"timestamp":"2025-07-07T22:59:02.077311Z","logger":"liquibase.configuration","microservice":"","level":"DEBUG","message":"Configuration liquibase.command.updateNullChecksums is using the default value of false","userId":"","orderId":"","thread":"main"}
{"timestamp":"2025-07-07T22:59:02.077444Z","logger":"liquibase.configuration","microservice":"","level":"DEBUG","message":"No configuration value for liquibase.command.update.url found","userId":"","orderId":"","thread":"main"}
{"timestamp":"2025-07-07T22:59:02.077548Z","logger":"liquibase.configuration","microservice":"","level":"DEBUG","message":"No configuration value for liquibase.command.url found","userId":"","orderId":"","thread":"main"}
{"timestamp":"2025-07-07T22:59:02.077839Z","logger":"liquibase.configuration","microservice":"","level":"DEBUG","message":"No configuration value for liquibase.command.update.username found","userId":"","orderId":"","thread":"main"}
{"timestamp":"2025-07-07T22:59:02.077974Z","logger":"liquibase.configuration","microservice":"","level":"DEBUG","message":"No configuration value for liquibase.command.username found","userId":"","orderId":"","thread":"main"}
{"timestamp":"2025-07-07T22:59:02.079294Z","logger":"liquibase.command","microservice":"","level":"DEBUG","message":"Pipeline for command 'update: liquibase.command.core.helpers.DbUrlConnectionArgumentsCommandStep then liquibase.command.core.helpers.ShowSummaryArgument then liquibase.command.core.helpers.DbUrlConnectionCommandStep then liquibase.command.core.helpers.DatabaseChangelogCommandStep then liquibase.command.core.helpers.ChangeExecListenerCommandStep then liquibase.command.core.UpdateCommandStep","userId":"","orderId":"","thread":"main"}
{"timestamp":"2025-07-07T22:59:02.079549Z","logger":"liquibase.configuration","microservice":"","level":"DEBUG","message":"No configuration value for liquibase.outputFile found","userId":"","orderId":"","thread":"main"}
{"timestamp":"2025-07-07T22:59:02.079649Z","logger":"liquibase.configuration","microservice":"","level":"DEBUG","message":"No configuration value for liquibase.outputFileEncoding found","userId":"","orderId":"","thread":"main"}
{"timestamp":"2025-07-07T22:59:02.079665Z","logger":"liquibase.configuration","microservice":"","level":"DEBUG","message":"Configuration liquibase.outputFileEncoding is using the default value of UTF-8","userId":"","orderId":"","thread":"main"}
{"timestamp":"2025-07-07T22:59:02.079708Z","logger":"liquibase.command","microservice":"","level":"DEBUG","message":"Writing output with encoding 'UTF-8'","userId":"","orderId":"","thread":"main"}
{"timestamp":"2025-07-07T22:59:02.079784Z","logger":"liquibase.command","microservice":"","level":"DEBUG","message":"Executing internal command dbUrlConnectionArguments","userId":"","orderId":"","thread":"main"}
{"timestamp":"2025-07-07T22:59:02.079816Z","logger":"liquibase.command","microservice":"","level":"DEBUG","message":"Executing internal command showSummary","userId":"","orderId":"","thread":"main"}
{"timestamp":"2025-07-07T22:59:02.079917Z","logger":"liquibase.configuration","microservice":"","level":"DEBUG","message":"Configuration liquibase.command.update.showSummary is using the default value of SUMMARY","userId":"","orderId":"","thread":"main"}
{"timestamp":"2025-07-07T22:59:02.079964Z","logger":"liquibase.configuration","microservice":"","level":"DEBUG","message":"Configuration liquibase.command.showSummary is using the default value of SUMMARY","userId":"","orderId":"","thread":"main"}
{"timestamp":"2025-07-07T22:59:02.080066Z","logger":"liquibase.command","microservice":"","level":"DEBUG","message":"Executing internal command dbUrlConnectionCommandStep","userId":"","orderId":"","thread":"main"}
{"timestamp":"2025-07-07T22:59:02.080131Z","logger":"liquibase.configuration","microservice":"","level":"DEBUG","message":"Configuration liquibase.command.update.skipDatabaseStep is using the default value of false","userId":"","orderId":"","thread":"main"}
{"timestamp":"2025-07-07T22:59:02.080187Z","logger":"liquibase.configuration","microservice":"","level":"DEBUG","message":"Configuration liquibase.command.skipDatabaseStep is using the default value of false","userId":"","orderId":"","thread":"main"}
{"timestamp":"2025-07-07T22:59:02.081333Z","logger":"liquibase.configuration","microservice":"","level":"DEBUG","message":"No configuration value for liquibase.liquibaseCatalogName aka liquibase.catalogName found","userId":"","orderId":"","thread":"main"}
{"timestamp":"2025-07-07T22:59:02.081747Z","logger":"liquibase.configuration","microservice":"","level":"DEBUG","message":"No configuration value for liquibase.license.utility.enabled found","userId":"","orderId":"","thread":"main"}
{"timestamp":"2025-07-07T22:59:02.081763Z","logger":"liquibase.configuration","microservice":"","level":"DEBUG","message":"Configuration liquibase.license.utility.enabled is using the default value of false","userId":"","orderId":"","thread":"main"}
{"timestamp":"2025-07-07T22:59:02.081795Z","logger":"liquibase.command","microservice":"","level":"DEBUG","message":"Executing internal command changelogCommandStep","userId":"","orderId":"","thread":"main"}
{"timestamp":"2025-07-07T22:59:02.086301Z","logger":"liquibase.servicelocator","microservice":"","level":"DEBUG","message":"Loaded liquibase.parser.ChangeLogParser instance liquibase.parser.core.formattedsql.FormattedSqlChangeLogParser","userId":"","orderId":"","thread":"main"}
{"timestamp":"2025-07-07T22:59:02.088515Z","logger":"liquibase.servicelocator","microservice":"","level":"DEBUG","message":"Loaded liquibase.parser.ChangeLogParser instance liquibase.parser.core.json.JsonChangeLogParser","userId":"","orderId":"","thread":"main"}
{"timestamp":"2025-07-07T22:59:02.088706Z","logger":"liquibase.servicelocator","microservice":"","level":"DEBUG","message":"Loaded liquibase.parser.ChangeLogParser instance liquibase.parser.core.sql.SqlChangeLogParser","userId":"","orderId":"","thread":"main"}
{"timestamp":"2025-07-07T22:59:02.090291Z","logger":"liquibase.configuration","microservice":"","level":"DEBUG","message":"No configuration value for liquibase.validateXmlChangelogFiles found","userId":"","orderId":"","thread":"main"}
{"timestamp":"2025-07-07T22:59:02.09031Z","logger":"liquibase.configuration","microservice":"","level":"DEBUG","message":"Configuration liquibase.validateXmlChangelogFiles is using the default value of true","userId":"","orderId":"","thread":"main"}
{"timestamp":"2025-07-07T22:59:02.090401Z","logger":"liquibase.configuration","microservice":"","level":"DEBUG","message":"No configuration value for liquibase.secureParsing found","userId":"","orderId":"","thread":"main"}
{"timestamp":"2025-07-07T22:59:02.090418Z","logger":"liquibase.configuration","microservice":"","level":"DEBUG","message":"Configuration liquibase.secureParsing is using the default value of true","userId":"","orderId":"","thread":"main"}
{"timestamp":"2025-07-07T22:59:02.090442Z","logger":"liquibase.servicelocator","microservice":"","level":"DEBUG","message":"Loaded liquibase.parser.ChangeLogParser instance liquibase.parser.core.xml.XMLChangeLogSAXParser","userId":"","orderId":"","thread":"main"}
{"timestamp":"2025-07-07T22:59:02.090484Z","logger":"liquibase.servicelocator","microservice":"","level":"DEBUG","message":"Loaded liquibase.parser.ChangeLogParser instance liquibase.parser.core.yaml.YamlChangeLogParser","userId":"","orderId":"","thread":"main"}
{"timestamp":"2025-07-07T22:59:02.09076Z","logger":"liquibase.parser","microservice":"","level":"DEBUG","message":"Matched file 'file:./etc/sql/changelog/db.changelog-master.xml' to parser 'XMLChangeLogSAXParser'","userId":"","orderId":"","thread":"main"}
{"timestamp":"2025-07-07T22:59:02.09525Z","logger":"liquibase.servicelocator","microservice":"","level":"DEBUG","message":"Loaded liquibase.precondition.Precondition instance liquibase.precondition.CustomPreconditionWrapper","userId":"","orderId":"","thread":"main"}
{"timestamp":"2025-07-07T22:59:02.095281Z","logger":"liquibase.servicelocator","microservice":"","level":"DEBUG","message":"Loaded liquibase.precondition.Precondition instance liquibase.precondition.core.AndPrecondition","userId":"","orderId":"","thread":"main"}
{"timestamp":"2025-07-07T22:59:02.095383Z","logger":"liquibase.servicelocator","microservice":"","level":"DEBUG","message":"Loaded liquibase.precondition.Precondition instance liquibase.precondition.core.ChangeLogPropertyDefinedPrecondition","userId":"","orderId":"","thread":"main"}
{"timestamp":"2025-07-07T22:59:02.095491Z","logger":"liquibase.servicelocator","microservice":"","level":"DEBUG","message":"Loaded liquibase.precondition.Precondition instance liquibase.precondition.core.ChangeSetExecutedPrecondition","userId":"","orderId":"","thread":"main"}
{"timestamp":"2025-07-07T22:59:02.095668Z","logger":"liquibase.servicelocator","microservice":"","level":"DEBUG","message":"Loaded liquibase.precondition.Precondition instance liquibase.precondition.core.ColumnExistsPrecondition","userId":"","orderId":"","thread":"main"}
{"timestamp":"2025-07-07T22:59:02.095755Z","logger":"liquibase.servicelocator","microservice":"","level":"DEBUG","message":"Loaded liquibase.precondition.Precondition instance liquibase.precondition.core.DBMSPrecondition","userId":"","orderId":"","thread":"main"}
{"timestamp":"2025-07-07T22:59:02.095861Z","logger":"liquibase.servicelocator","microservice":"","level":"DEBUG","message":"Loaded liquibase.precondition.Precondition instance liquibase.precondition.core.ForeignKeyExistsPrecondition","userId":"","orderId":"","thread":"main"}
{"timestamp":"2025-07-07T22:59:02.095981Z","logger":"liquibase.servicelocator","microservice":"","level":"DEBUG","message":"Loaded liquibase.precondition.Precondition instance liquibase.precondition.core.IndexExistsPrecondition","userId":"","orderId":"","thread":"main"}
{"timestamp":"2025-07-07T22:59:02.096059Z","logger":"liquibase.servicelocator","microservice":"","level":"DEBUG","message":"Loaded liquibase.precondition.Precondition instance liquibase.precondition.core.NotPrecondition","userId":"","orderId":"","thread":"main"}
{"timestamp":"2025-07-07T22:59:02.096141Z","logger":"liquibase.servicelocator","microservice":"","level":"DEBUG","message":"Loaded liquibase.precondition.Precondition instance liquibase.precondition.core.ObjectQuotingStrategyPrecondition","userId":"","orderId":"","thread":"main"}
{"timestamp":"2025-07-07T22:59:02.096215Z","logger":"liquibase.servicelocator","microservice":"","level":"DEBUG","message":"Loaded liquibase.precondition.Precondition instance liquibase.precondition.core.OrPrecondition","userId":"","orderId":"","thread":"main"}
{"timestamp":"2025-07-07T22:59:02.096236Z","logger":"liquibase.servicelocator","microservice":"","level":"DEBUG","message":"Loaded liquibase.precondition.Precondition instance liquibase.precondition.core.PreconditionContainer","userId":"","orderId":"","thread":"main"}
{"timestamp":"2025-07-07T22:59:02.096351Z","logger":"liquibase.servicelocator","microservice":"","level":"DEBUG","message":"Loaded liquibase.precondition.Precondition instance liquibase.precondition.core.PrimaryKeyExistsPrecondition","userId":"","orderId":"","thread":"main"}
{"timestamp":"2025-07-07T22:59:02.096463Z","logger":"liquibase.servicelocator","microservice":"","level":"DEBUG","message":"Loaded liquibase.precondition.Precondition instance liquibase.precondition.core.RowCountPrecondition","userId":"","orderId":"","thread":"main"}
{"timestamp":"2025-07-07T22:59:02.096549Z","logger":"liquibase.servicelocator","microservice":"","level":"DEBUG","message":"Loaded liquibase.precondition.Precondition instance liquibase.precondition.core.RunningAsPrecondition","userId":"","orderId":"","thread":"main"}
{"timestamp":"2025-07-07T22:59:02.096672Z","logger":"liquibase.servicelocator","microservice":"","level":"DEBUG","message":"Loaded liquibase.precondition.Precondition instance liquibase.precondition.core.SequenceExistsPrecondition","userId":"","orderId":"","thread":"main"}
{"timestamp":"2025-07-07T22:59:02.096777Z","logger":"liquibase.servicelocator","microservice":"","level":"DEBUG","message":"Loaded liquibase.precondition.Precondition instance liquibase.precondition.core.SqlPrecondition","userId":"","orderId":"","thread":"main"}
{"timestamp":"2025-07-07T22:59:02.096876Z","logger":"liquibase.servicelocator","microservice":"","level":"DEBUG","message":"Loaded liquibase.precondition.Precondition instance liquibase.precondition.core.TableExistsPrecondition","userId":"","orderId":"","thread":"main"}
{"timestamp":"2025-07-07T22:59:02.096972Z","logger":"liquibase.servicelocator","microservice":"","level":"DEBUG","message":"Loaded liquibase.precondition.Precondition instance liquibase.precondition.core.TableIsEmptyPrecondition","userId":"","orderId":"","thread":"main"}
{"timestamp":"2025-07-07T22:59:02.097126Z","logger":"liquibase.servicelocator","microservice":"","level":"DEBUG","message":"Loaded liquibase.precondition.Precondition instance liquibase.precondition.core.UniqueConstraintExistsPrecondition","userId":"","orderId":"","thread":"main"}
{"timestamp":"2025-07-07T22:59:02.097228Z","logger":"liquibase.servicelocator","microservice":"","level":"DEBUG","message":"Loaded liquibase.precondition.Precondition instance liquibase.precondition.core.ViewExistsPrecondition","userId":"","orderId":"","thread":"main"}
{"timestamp":"2025-07-07T22:59:02.116384Z","logger":"liquibase.parser","microservice":"","level":"DEBUG","message":"Resolving XML entity name='null', publicId='null', baseURI='null', systemId='http://www.liquibase.org/xml/ns/dbchangelog/dbchangelog-4.3.xsd'","userId":"","orderId":"","thread":"main"}
{"timestamp":"2025-07-07T22:59:02.145032Z","logger":"liquibase.configuration","microservice":"","level":"DEBUG","message":"No configuration value for liquibase.preserveClasspathPrefixInNormalizedPaths found","userId":"","orderId":"","thread":"main"}
{"timestamp":"2025-07-07T22:59:02.145107Z","logger":"liquibase.configuration","microservice":"","level":"DEBUG","message":"Configuration liquibase.preserveClasspathPrefixInNormalizedPaths is using the default value of false","userId":"","orderId":"","thread":"main"}
{"timestamp":"2025-07-07T22:59:02.148455Z","logger":"liquibase.servicelocator","microservice":"","level":"DEBUG","message":"Loaded liquibase.changeset.ChangeSetService instance liquibase.changeset.StandardChangeSetService","userId":"","orderId":"","thread":"main"}
{"timestamp":"2025-07-07T22:59:02.149586Z","logger":"liquibase.servicelocator","microservice":"","level":"DEBUG","message":"Loaded liquibase.change.Change instance liquibase.change.core.AddAutoIncrementChange","userId":"","orderId":"","thread":"main"}
{"timestamp":"2025-07-07T22:59:02.149979Z","logger":"liquibase.servicelocator","microservice":"","level":"DEBUG","message":"Loaded liquibase.change.Change instance liquibase.change.core.AddColumnChange","userId":"","orderId":"","thread":"main"}
{"timestamp":"2025-07-07T22:59:02.15038Z","logger":"liquibase.servicelocator","microservice":"","level":"DEBUG","message":"Loaded liquibase.change.Change instance liquibase.change.core.AddDefaultValueChange","userId":"","orderId":"","thread":"main"}
{"timestamp":"2025-07-07T22:59:02.150637Z","logger":"liquibase.servicelocator","microservice":"","level":"DEBUG","message":"Loaded liquibase.change.Change instance liquibase.change.core.AddForeignKeyConstraintChange","userId":"","orderId":"","thread":"main"}
{"timestamp":"2025-07-07T22:59:02.15092Z","logger":"liquibase.servicelocator","microservice":"","level":"DEBUG","message":"Loaded liquibase.change.Change instance liquibase.change.core.AddLookupTableChange","userId":"","orderId":"","thread":"main"}
{"timestamp":"2025-07-07T22:59:02.151155Z","logger":"liquibase.servicelocator","microservice":"","level":"DEBUG","message":"Loaded liquibase.change.Change instance liquibase.change.core.AddNotNullConstraintChange","userId":"","orderId":"","thread":"main"}
{"timestamp":"2025-07-07T22:59:02.151364Z","logger":"liquibase.servicelocator","microservice":"","level":"DEBUG","message":"Loaded liquibase.change.Change instance liquibase.change.core.AddPrimaryKeyChange","userId":"","orderId":"","thread":"main"}
{"timestamp":"2025-07-07T22:59:02.151554Z","logger":"liquibase.servicelocator","microservice":"","level":"DEBUG","message":"Loaded liquibase.change.Change instance liquibase.change.core.AddUniqueConstraintChange","userId":"","orderId":"","thread":"main"}
{"timestamp":"2025-07-07T22:59:02.151732Z","logger":"liquibase.servicelocator","microservice":"","level":"DEBUG","message":"Loaded liquibase.change.Change instance liquibase.change.core.AlterSequenceChange","userId":"","orderId":"","thread":"main"}
{"timestamp":"2025-07-07T22:59:02.15193Z","logger":"liquibase.servicelocator","microservice":"","level":"DEBUG","message":"Loaded liquibase.change.Change instance liquibase.change.core.CreateIndexChange","userId":"","orderId":"","thread":"main"}
{"timestamp":"2025-07-07T22:59:02.152513Z","logger":"liquibase.servicelocator","microservice":"","level":"DEBUG","message":"Loaded liquibase.change.Change instance liquibase.change.core.CreateProcedureChange","userId":"","orderId":"","thread":"main"}
{"timestamp":"2025-07-07T22:59:02.152714Z","logger":"liquibase.servicelocator","microservice":"","level":"DEBUG","message":"Loaded liquibase.change.Change instance liquibase.change.core.CreateSequenceChange","userId":"","orderId":"","thread":"main"}
{"timestamp":"2025-07-07T22:59:02.152995Z","logger":"liquibase.servicelocator","microservice":"","level":"DEBUG","message":"Loaded liquibase.change.Change instance liquibase.change.core.CreateTableChange","userId":"","orderId":"","thread":"main"}
{"timestamp":"2025-07-07T22:59:02.15327Z","logger":"liquibase.servicelocator","microservice":"","level":"DEBUG","message":"Loaded liquibase.change.Change instance liquibase.change.core.CreateViewChange","userId":"","orderId":"","thread":"main"}
{"timestamp":"2025-07-07T22:59:02.153481Z","logger":"liquibase.servicelocator","microservice":"","level":"DEBUG","message":"Loaded liquibase.change.Change instance liquibase.change.core.DeleteDataChange","userId":"","orderId":"","thread":"main"}
{"timestamp":"2025-07-07T22:59:02.153653Z","logger":"liquibase.servicelocator","microservice":"","level":"DEBUG","message":"Loaded liquibase.change.Change instance liquibase.change.core.DropAllForeignKeyConstraintsChange","userId":"","orderId":"","thread":"main"}
{"timestamp":"2025-07-07T22:59:02.153832Z","logger":"liquibase.servicelocator","microservice":"","level":"DEBUG","message":"Loaded liquibase.change.Change instance liquibase.change.core.DropColumnChange","userId":"","orderId":"","thread":"main"}
{"timestamp":"2025-07-07T22:59:02.153938Z","logger":"liquibase.servicelocator","microservice":"","level":"DEBUG","message":"Loaded liquibase.change.Change instance liquibase.change.core.DropDefaultValueChange","userId":"","orderId":"","thread":"main"}
{"timestamp":"2025-07-07T22:59:02.154037Z","logger":"liquibase.servicelocator","microservice":"","level":"DEBUG","message":"Loaded liquibase.change.Change instance liquibase.change.core.DropForeignKeyConstraintChange","userId":"","orderId":"","thread":"main"}
{"timestamp":"2025-07-07T22:59:02.154139Z","logger":"liquibase.servicelocator","microservice":"","level":"DEBUG","message":"Loaded liquibase.change.Change instance liquibase.change.core.DropIndexChange","userId":"","orderId":"","thread":"main"}
{"timestamp":"2025-07-07T22:59:02.154251Z","logger":"liquibase.servicelocator","microservice":"","level":"DEBUG","message":"Loaded liquibase.change.Change instance liquibase.change.core.DropNotNullConstraintChange","userId":"","orderId":"","thread":"main"}
{"timestamp":"2025-07-07T22:59:02.154366Z","logger":"liquibase.servicelocator","microservice":"","level":"DEBUG","message":"Loaded liquibase.change.Change instance liquibase.change.core.DropPrimaryKeyChange","userId":"","orderId":"","thread":"main"}
{"timestamp":"2025-07-07T22:59:02.154449Z","logger":"liquibase.servicelocator","microservice":"","level":"DEBUG","message":"Loaded liquibase.change.Change instance liquibase.change.core.DropProcedureChange","userId":"","orderId":"","thread":"main"}
{"timestamp":"2025-07-07T22:59:02.154534Z","logger":"liquibase.servicelocator","microservice":"","level":"DEBUG","message":"Loaded liquibase.change.Change instance liquibase.change.core.DropSequenceChange","userId":"","orderId":"","thread":"main"}
{"timestamp":"2025-07-07T22:59:02.154626Z","logger":"liquibase.servicelocator","microservice":"","level":"DEBUG","message":"Loaded liquibase.change.Change instance liquibase.change.core.DropTableChange","userId":"","orderId":"","thread":"main"}
{"timestamp":"2025-07-07T22:59:02.154734Z","logger":"liquibase.servicelocator","microservice":"","level":"DEBUG","message":"Loaded liquibase.change.Change instance liquibase.change.core.DropUniqueConstraintChange","userId":"","orderId":"","thread":"main"}
{"timestamp":"2025-07-07T22:59:02.154833Z","logger":"liquibase.servicelocator","microservice":"","level":"DEBUG","message":"Loaded liquibase.change.Change instance liquibase.change.core.DropViewChange","userId":"","orderId":"","thread":"main"}
{"timestamp":"2025-07-07T22:59:02.154901Z","logger":"liquibase.servicelocator","microservice":"","level":"DEBUG","message":"Loaded liquibase.change.Change instance liquibase.change.core.EmptyChange","userId":"","orderId":"","thread":"main"}
{"timestamp":"2025-07-07T22:59:02.155239Z","logger":"liquibase.servicelocator","microservice":"","level":"DEBUG","message":"Loaded liquibase.change.Change instance liquibase.change.core.ExecuteShellCommandChange","userId":"","orderId":"","thread":"main"}
{"timestamp":"2025-07-07T22:59:02.155403Z","logger":"liquibase.servicelocator","microservice":"","level":"DEBUG","message":"Loaded liquibase.change.Change instance liquibase.change.core.InsertDataChange","userId":"","orderId":"","thread":"main"}
{"timestamp":"2025-07-07T22:59:02.157581Z","logger":"liquibase.servicelocator","microservice":"","level":"DEBUG","message":"Loaded liquibase.change.Change instance liquibase.change.core.LoadDataChange","userId":"","orderId":"","thread":"main"}
{"timestamp":"2025-07-07T22:59:02.157759Z","logger":"liquibase.servicelocator","microservice":"","level":"DEBUG","message":"Loaded liquibase.change.Change instance liquibase.change.core.LoadUpdateDataChange","userId":"","orderId":"","thread":"main"}
{"timestamp":"2025-07-07T22:59:02.157991Z","logger":"liquibase.servicelocator","microservice":"","level":"DEBUG","message":"Loaded liquibase.change.Change instance liquibase.change.core.MergeColumnChange","userId":"","orderId":"","thread":"main"}
{"timestamp":"2025-07-07T22:59:02.158092Z","logger":"liquibase.servicelocator","microservice":"","level":"DEBUG","message":"Loaded liquibase.change.Change instance liquibase.change.core.ModifyDataTypeChange","userId":"","orderId":"","thread":"main"}
{"timestamp":"2025-07-07T22:59:02.158193Z","logger":"liquibase.servicelocator","microservice":"","level":"DEBUG","message":"Loaded liquibase.change.Change instance liquibase.change.core.OutputChange","userId":"","orderId":"","thread":"main"}
{"timestamp":"2025-07-07T22:59:02.158273Z","logger":"liquibase.servicelocator","microservice":"","level":"DEBUG","message":"Loaded liquibase.change.Change instance liquibase.change.core.RawSQLChange","userId":"","orderId":"","thread":"main"}
{"timestamp":"2025-07-07T22:59:02.15839Z","logger":"liquibase.servicelocator","microservice":"","level":"DEBUG","message":"Loaded liquibase.change.Change instance liquibase.change.core.RenameColumnChange","userId":"","orderId":"","thread":"main"}
{"timestamp":"2025-07-07T22:59:02.158479Z","logger":"liquibase.servicelocator","microservice":"","level":"DEBUG","message":"Loaded liquibase.change.Change instance liquibase.change.core.RenameSequenceChange","userId":"","orderId":"","thread":"main"}
{"timestamp":"2025-07-07T22:59:02.158584Z","logger":"liquibase.servicelocator","microservice":"","level":"DEBUG","message":"Loaded liquibase.change.Change instance liquibase.change.core.RenameTableChange","userId":"","orderId":"","thread":"main"}
{"timestamp":"2025-07-07T22:59:02.158687Z","logger":"liquibase.servicelocator","microservice":"","level":"DEBUG","message":"Loaded liquibase.change.Change instance liquibase.change.core.RenameViewChange","userId":"","orderId":"","thread":"main"}
{"timestamp":"2025-07-07T22:59:02.158886Z","logger":"liquibase.servicelocator","microservice":"","level":"DEBUG","message":"Loaded liquibase.change.Change instance liquibase.change.core.SQLFileChange","userId":"","orderId":"","thread":"main"}
{"timestamp":"2025-07-07T22:59:02.158994Z","logger":"liquibase.servicelocator","microservice":"","level":"DEBUG","message":"Loaded liquibase.change.Change instance liquibase.change.core.SetColumnRemarksChange","userId":"","orderId":"","thread":"main"}
{"timestamp":"2025-07-07T22:59:02.159088Z","logger":"liquibase.servicelocator","microservice":"","level":"DEBUG","message":"Loaded liquibase.change.Change instance liquibase.change.core.SetTableRemarksChange","userId":"","orderId":"","thread":"main"}
{"timestamp":"2025-07-07T22:59:02.159182Z","logger":"liquibase.servicelocator","microservice":"","level":"DEBUG","message":"Loaded liquibase.change.Change instance liquibase.change.core.StopChange","userId":"","orderId":"","thread":"main"}
{"timestamp":"2025-07-07T22:59:02.159292Z","logger":"liquibase.servicelocator","microservice":"","level":"DEBUG","message":"Loaded liquibase.change.Change instance liquibase.change.core.TagDatabaseChange","userId":"","orderId":"","thread":"main"}
{"timestamp":"2025-07-07T22:59:02.159431Z","logger":"liquibase.servicelocator","microservice":"","level":"DEBUG","message":"Loaded liquibase.change.Change instance liquibase.change.core.UpdateDataChange","userId":"","orderId":"","thread":"main"}
{"timestamp":"2025-07-07T22:59:02.15975Z","logger":"liquibase.servicelocator","microservice":"","level":"DEBUG","message":"Loaded liquibase.change.Change instance liquibase.change.custom.CustomChangeWrapper","userId":"","orderId":"","thread":"main"}
{"timestamp":"2025-07-07T22:59:02.207172Z","logger":"liquibase.configuration","microservice":"","level":"DEBUG","message":"Found 'liquibase.command.update.updateNullChecksums' configuration of 'true'\n    command argument 'updateNullChecksums' of 'true'","userId":"","orderId":"","thread":"main"}
{"timestamp":"2025-07-07T22:59:02.208365Z","logger":"liquibase.servicelocator","microservice":"","level":"DEBUG","message":"Loaded liquibase.changelog.ChangeLogHistoryService instance liquibase.changelog.MockChangeLogHistoryService","userId":"","orderId":"","thread":"main"}
{"timestamp":"2025-07-07T22:59:02.209089Z","logger":"liquibase.servicelocator","microservice":"","level":"DEBUG","message":"Loaded liquibase.changelog.ChangeLogHistoryService instance liquibase.changelog.StandardChangeLogHistoryService","userId":"","orderId":"","thread":"main"}
{"timestamp":"2025-07-07T22:59:02.210207Z","logger":"liquibase.servicelocator","microservice":"","level":"DEBUG","message":"Loaded liquibase.snapshot.SnapshotGenerator instance liquibase.snapshot.jvm.CatalogSnapshotGenerator","userId":"","orderId":"","thread":"main"}
{"timestamp":"2025-07-07T22:59:02.210987Z","logger":"liquibase.servicelocator","microservice":"","level":"DEBUG","message":"Loaded liquibase.snapshot.SnapshotGenerator instance liquibase.snapshot.jvm.ColumnSnapshotGenerator","userId":"","orderId":"","thread":"main"}
{"timestamp":"2025-07-07T22:59:02.211103Z","logger":"liquibase.servicelocator","microservice":"","level":"DEBUG","message":"Loaded liquibase.snapshot.SnapshotGenerator instance liquibase.snapshot.jvm.ColumnSnapshotGeneratorH2","userId":"","orderId":"","thread":"main"}
{"timestamp":"2025-07-07T22:59:02.211275Z","logger":"liquibase.servicelocator","microservice":"","level":"DEBUG","message":"Loaded liquibase.snapshot.SnapshotGenerator instance liquibase.snapshot.jvm.ColumnSnapshotGeneratorInformix","userId":"","orderId":"","thread":"main"}
{"timestamp":"2025-07-07T22:59:02.211371Z","logger":"liquibase.servicelocator","microservice":"","level":"DEBUG","message":"Loaded liquibase.snapshot.SnapshotGenerator instance liquibase.snapshot.jvm.ColumnSnapshotGeneratorOracle","userId":"","orderId":"","thread":"main"}
{"timestamp":"2025-07-07T22:59:02.211516Z","logger":"liquibase.servicelocator","microservice":"","level":"DEBUG","message":"Loaded liquibase.snapshot.SnapshotGenerator instance liquibase.snapshot.jvm.DataSnapshotGenerator","userId":"","orderId":"","thread":"main"}
{"timestamp":"2025-07-07T22:59:02.211915Z","logger":"liquibase.servicelocator","microservice":"","level":"DEBUG","message":"Loaded liquibase.snapshot.SnapshotGenerator instance liquibase.snapshot.jvm.ForeignKeySnapshotGenerator","userId":"","orderId":"","thread":"main"}
{"timestamp":"2025-07-07T22:59:02.212436Z","logger":"liquibase.servicelocator","microservice":"","level":"DEBUG","message":"Loaded liquibase.snapshot.SnapshotGenerator instance liquibase.snapshot.jvm.IndexSnapshotGenerator","userId":"","orderId":"","thread":"main"}
{"timestamp":"2025-07-07T22:59:02.212687Z","logger":"liquibase.servicelocator","microservice":"","level":"DEBUG","message":"Loaded liquibase.snapshot.SnapshotGenerator instance liquibase.snapshot.jvm.PrimaryKeySnapshotGenerator","userId":"","orderId":"","thread":"main"}
{"timestamp":"2025-07-07T22:59:02.212824Z","logger":"liquibase.servicelocator","microservice":"","level":"DEBUG","message":"Loaded liquibase.snapshot.SnapshotGenerator instance liquibase.snapshot.jvm.SchemaSnapshotGenerator","userId":"","orderId":"","thread":"main"}
{"timestamp":"2025-07-07T22:59:02.213103Z","logger":"liquibase.servicelocator","microservice":"","level":"DEBUG","message":"Loaded liquibase.snapshot.SnapshotGenerator instance liquibase.snapshot.jvm.SequenceSnapshotGenerator","userId":"","orderId":"","thread":"main"}
{"timestamp":"2025-07-07T22:59:02.21323Z","logger":"liquibase.servicelocator","microservice":"","level":"DEBUG","message":"Loaded liquibase.snapshot.SnapshotGenerator instance liquibase.snapshot.jvm.TableSnapshotGenerator","userId":"","orderId":"","thread":"main"}
{"timestamp":"2025-07-07T22:59:02.2136Z","logger":"liquibase.servicelocator","microservice":"","level":"DEBUG","message":"Loaded liquibase.snapshot.SnapshotGenerator instance liquibase.snapshot.jvm.UniqueConstraintSnapshotGenerator","userId":"","orderId":"","thread":"main"}
{"timestamp":"2025-07-07T22:59:02.213776Z","logger":"liquibase.servicelocator","microservice":"","level":"DEBUG","message":"Loaded liquibase.snapshot.SnapshotGenerator instance liquibase.snapshot.jvm.ViewSnapshotGenerator","userId":"","orderId":"","thread":"main"}
{"timestamp":"2025-07-07T22:59:02.213856Z","logger":"liquibase.servicelocator","microservice":"","level":"DEBUG","message":"Loaded liquibase.snapshot.SnapshotGenerator instance liquibase.snapshot.jvm.SchemaSnapshotGeneratorSnowflake","userId":"","orderId":"","thread":"main"}
{"timestamp":"2025-07-07T22:59:02.213938Z","logger":"liquibase.servicelocator","microservice":"","level":"DEBUG","message":"Loaded liquibase.snapshot.SnapshotGenerator instance liquibase.snapshot.jvm.SequenceSnapshotGeneratorSnowflake","userId":"","orderId":"","thread":"main"}
{"timestamp":"2025-07-07T22:59:02.214033Z","logger":"liquibase.servicelocator","microservice":"","level":"DEBUG","message":"Loaded liquibase.snapshot.SnapshotGenerator instance liquibase.snapshot.jvm.UniqueConstraintSnapshotGeneratorSnowflake","userId":"","orderId":"","thread":"main"}
{"timestamp":"2025-07-07T22:59:02.214176Z","logger":"liquibase.configuration","microservice":"","level":"DEBUG","message":"No configuration value for liquibase.supportsMethodValidationLevel found","userId":"","orderId":"","thread":"main"}
{"timestamp":"2025-07-07T22:59:02.214187Z","logger":"liquibase.configuration","microservice":"","level":"DEBUG","message":"Configuration liquibase.supportsMethodValidationLevel is using the default value of WARN","userId":"","orderId":"","thread":"main"}
{"timestamp":"2025-07-07T22:59:02.216044Z","logger":"liquibase.util","microservice":"","level":"DEBUG","message":"Computed checksum for 1751929142215 as bbbba32d2f714aacd528eb1fe61c098c","userId":"","orderId":"","thread":"main"}
{"timestamp":"2025-07-07T22:59:02.217701Z","logger":"liquibase.configuration","microservice":"","level":"DEBUG","message":"No configuration value for liquibase.preserveSchemaCase found","userId":"","orderId":"","thread":"main"}
{"timestamp":"2025-07-07T22:59:02.217715Z","logger":"liquibase.configuration","microservice":"","level":"DEBUG","message":"Configuration liquibase.preserveSchemaCase is using the default value of false","userId":"","orderId":"","thread":"main"}
{"timestamp":"2025-07-07T22:59:02.239981Z","logger":"liquibase.servicelocator","microservice":"","level":"DEBUG","message":"Loaded liquibase.database.LiquibaseTableNames instance liquibase.database.StandardLiquibaseTableNames","userId":"","orderId":"","thread":"main"}
{"timestamp":"2025-07-07T22:59:02.251209Z","logger":"liquibase.servicelocator","microservice":"","level":"DEBUG","message":"Loaded liquibase.diff.compare.DatabaseObjectComparator instance liquibase.diff.compare.core.CatalogComparator","userId":"","orderId":"","thread":"main"}
{"timestamp":"2025-07-07T22:59:02.251424Z","logger":"liquibase.servicelocator","microservice":"","level":"DEBUG","message":"Loaded liquibase.diff.compare.DatabaseObjectComparator instance liquibase.diff.compare.core.ColumnComparator","userId":"","orderId":"","thread":"main"}
{"timestamp":"2025-07-07T22:59:02.251568Z","logger":"liquibase.servicelocator","microservice":"","level":"DEBUG","message":"Loaded liquibase.diff.compare.DatabaseObjectComparator instance liquibase.diff.compare.core.DefaultDatabaseObjectComparator","userId":"","orderId":"","thread":"main"}
{"timestamp":"2025-07-07T22:59:02.251698Z","logger":"liquibase.servicelocator","microservice":"","level":"DEBUG","message":"Loaded liquibase.diff.compare.DatabaseObjectComparator instance liquibase.diff.compare.core.ForeignKeyComparator","userId":"","orderId":"","thread":"main"}
{"timestamp":"2025-07-07T22:59:02.251838Z","logger":"liquibase.servicelocator","microservice":"","level":"DEBUG","message":"Loaded liquibase.diff.compare.DatabaseObjectComparator instance liquibase.diff.compare.core.IndexComparator","userId":"","orderId":"","thread":"main"}
{"timestamp":"2025-07-07T22:59:02.251962Z","logger":"liquibase.servicelocator","microservice":"","level":"DEBUG","message":"Loaded liquibase.diff.compare.DatabaseObjectComparator instance liquibase.diff.compare.core.PrimaryKeyComparator","userId":"","orderId":"","thread":"main"}
{"timestamp":"2025-07-07T22:59:02.25209Z","logger":"liquibase.servicelocator","microservice":"","level":"DEBUG","message":"Loaded liquibase.diff.compare.DatabaseObjectComparator instance liquibase.diff.compare.core.SchemaComparator","userId":"","orderId":"","thread":"main"}
{"timestamp":"2025-07-07T22:59:02.252183Z","logger":"liquibase.servicelocator","microservice":"","level":"DEBUG","message":"Loaded liquibase.diff.compare.DatabaseObjectComparator instance liquibase.diff.compare.core.TableComparator","userId":"","orderId":"","thread":"main"}
{"timestamp":"2025-07-07T22:59:02.252301Z","logger":"liquibase.servicelocator","microservice":"","level":"DEBUG","message":"Loaded liquibase.diff.compare.DatabaseObjectComparator instance liquibase.diff.compare.core.UniqueConstraintComparator","userId":"","orderId":"","thread":"main"}
{"timestamp":"2025-07-07T22:59:02.253075Z","logger":"liquibase.configuration","microservice":"","level":"DEBUG","message":"No configuration value for liquibase.includeCatalogInSpecification found","userId":"","orderId":"","thread":"main"}
{"timestamp":"2025-07-07T22:59:02.253089Z","logger":"liquibase.configuration","microservice":"","level":"DEBUG","message":"Configuration liquibase.includeCatalogInSpecification is using the default value of false","userId":"","orderId":"","thread":"main"}
{"timestamp":"2025-07-07T22:59:02.255389Z","logger":"liquibase.executor","microservice":"","level":"DEBUG","message":"Changelog query completed.","userId":"","orderId":"","thread":"main"}
{"timestamp":"2025-07-07T22:59:02.256614Z","logger":"liquibase.changelog","microservice":"","level":"INFO","message":"Reading from public.databasechangelog","userId":"","orderId":"","thread":"main"}
{"timestamp":"2025-07-07T22:59:02.257577Z","logger":"liquibase.executor","microservice":"","level":"DEBUG","message":"Changelog query completed.","userId":"","orderId":"","thread":"main"}
{"timestamp":"2025-07-07T22:59:02.25933Z","logger":"liquibase.servicelocator","microservice":"","level":"DEBUG","message":"Loaded liquibase.lockservice.LockService instance liquibase.lockservice.LockServiceImpl","userId":"","orderId":"","thread":"main"}
{"timestamp":"2025-07-07T22:59:02.259412Z","logger":"liquibase.servicelocator","microservice":"","level":"DEBUG","message":"Loaded liquibase.lockservice.LockService instance liquibase.lockservice.MockLockService","userId":"","orderId":"","thread":"main"}
{"timestamp":"2025-07-07T22:59:02.25949Z","logger":"liquibase.servicelocator","microservice":"","level":"DEBUG","message":"Loaded liquibase.lockservice.LockService instance liquibase.lockservice.OfflineLockService","userId":"","orderId":"","thread":"main"}
{"timestamp":"2025-07-07T22:59:02.259518Z","logger":"liquibase.servicelocator","microservice":"","level":"DEBUG","message":"Loaded liquibase.lockservice.LockService instance liquibase.lockservice.StandardLockService","userId":"","orderId":"","thread":"main"}
{"timestamp":"2025-07-07T22:59:02.260673Z","logger":"liquibase.executor","microservice":"","level":"DEBUG","message":"Changelog query completed.","userId":"","orderId":"","thread":"main"}
{"timestamp":"2025-07-07T22:59:02.261263Z","logger":"liquibase.configuration","microservice":"","level":"DEBUG","message":"No configuration value for liquibase.allowDuplicatedChangesetIdentifiers found","userId":"","orderId":"","thread":"main"}
{"timestamp":"2025-07-07T22:59:02.261281Z","logger":"liquibase.configuration","microservice":"","level":"DEBUG","message":"Configuration liquibase.allowDuplicatedChangesetIdentifiers is using the default value of false","userId":"","orderId":"","thread":"main"}
{"timestamp":"2025-07-07T22:59:02.26181Z","logger":"liquibase.servicelocator","microservice":"","level":"DEBUG","message":"Loaded liquibase.changelog.visitor.ValidatingVisitorGenerator instance liquibase.changelog.visitor.StandardValidatingVisitorGenerator","userId":"","orderId":"","thread":"main"}
{"timestamp":"2025-07-07T22:59:02.266245Z","logger":"liquibase.util","microservice":"","level":"DEBUG","message":"Computed checksum for createSequence:[\n    incrementBy=\"1\"\n    sequenceName=\"user_id_seq\"\n    startValue=\"1\"\n] as aa1a9784c462b59347d92603f64a18ef","userId":"","orderId":"","thread":"main"}
{"timestamp":"2025-07-07T22:59:02.266315Z","logger":"liquibase.util","microservice":"","level":"DEBUG","message":"Computed checksum for 9:aa1a9784c462b59347d92603f64a18ef: as eff445a25a91f1947f34a1613633a59d","userId":"","orderId":"","thread":"main"}
{"timestamp":"2025-07-07T22:59:02.268924Z","logger":"liquibase.util","microservice":"","level":"DEBUG","message":"Computed checksum for createTable:[\n    columns=[\n        [\n            [\n                nullable=\"false\"\n                primaryKey=\"true\"\n            ]\n            defaultValueSequenceNext=\"user_id_seq\"\n            name=\"id\"\n            type=\"BIGINT\"\n        ],\n        [\n            [\n                nullable=\"false\"\n                unique=\"true\"\n            ]\n            name=\"username\"\n            type=\"VARCHAR(255)\"\n        ],\n        [\n            [\n                nullable=\"false\"\n            ]\n            na... [truncated in log] as 85ac79039cf874e4757421caaf6ee77b","userId":"","orderId":"","thread":"main"}
{"timestamp":"2025-07-07T22:59:02.268988Z","logger":"liquibase.util","microservice":"","level":"DEBUG","message":"Computed checksum for 9:85ac79039cf874e4757421caaf6ee77b: as f8889b32ad3e6a3b39e151a4d67579bc","userId":"","orderId":"","thread":"main"}
{"timestamp":"2025-07-07T22:59:02.269044Z","logger":"liquibase.command","microservice":"","level":"DEBUG","message":"Executing internal command changeExecListener","userId":"","orderId":"","thread":"main"}
{"timestamp":"2025-07-07T22:59:02.269537Z","logger":"liquibase.command","microservice":"","level":"DEBUG","message":"Executing internal command update migrate","userId":"","orderId":"","thread":"main"}
{"timestamp":"2025-07-07T22:59:02.27504Z","logger":"liquibase.changelog","microservice":"","level":"DEBUG","message":"Fast check found no un-run changesets","userId":"","orderId":"","thread":"main"}
{"timestamp":"2025-07-07T22:59:02.275111Z","logger":"liquibase.ui","microservice":"","level":"INFO","message":"Database is up to date, no changesets to execute","userId":"","orderId":"","thread":"main"}
{"timestamp":"2025-07-07T22:59:02.276042Z","logger":"liquibase.changelog","microservice":"","level":"INFO","message":"Reading from public.databasechangelog","userId":"","orderId":"","thread":"main"}
{"timestamp":"2025-07-07T22:59:02.276554Z","logger":"liquibase.executor","microservice":"","level":"DEBUG","message":"Changelog query completed.","userId":"","orderId":"","thread":"main"}
{"timestamp":"2025-07-07T22:59:02.278457Z","logger":"liquibase.servicelocator","microservice":"","level":"DEBUG","message":"Loaded liquibase.report.ShowSummaryGenerator instance liquibase.report.StandardShowSummaryGenerator","userId":"","orderId":"","thread":"main"}
{"timestamp":"2025-07-07T22:59:02.279038Z","logger":"liquibase.util","microservice":"","level":"INFO","message":"UPDATE SUMMARY","userId":"","orderId":"","thread":"main"}
{"timestamp":"2025-07-07T22:59:02.27905Z","logger":"liquibase.util","microservice":"","level":"INFO","message":"Run:                          0","userId":"","orderId":"","thread":"main"}
{"timestamp":"2025-07-07T22:59:02.279058Z","logger":"liquibase.util","microservice":"","level":"INFO","message":"Previously run:               2","userId":"","orderId":"","thread":"main"}
{"timestamp":"2025-07-07T22:59:02.279064Z","logger":"liquibase.util","microservice":"","level":"INFO","message":"Filtered out:                 0","userId":"","orderId":"","thread":"main"}
{"timestamp":"2025-07-07T22:59:02.279071Z","logger":"liquibase.util","microservice":"","level":"INFO","message":"-------------------------------","userId":"","orderId":"","thread":"main"}
{"timestamp":"2025-07-07T22:59:02.279077Z","logger":"liquibase.util","microservice":"","level":"INFO","message":"Total change sets:            2","userId":"","orderId":"","thread":"main"}
{"timestamp":"2025-07-07T22:59:02.279378Z","logger":"liquibase.util","microservice":"","level":"INFO","message":"Update summary generated","userId":"","orderId":"","thread":"main"}
{"timestamp":"2025-07-07T22:59:02.279638Z","logger":"liquibase.command","microservice":"","level":"INFO","message":"Command execution complete","userId":"","orderId":"","thread":"main"}
{"timestamp":"2025-07-07T22:59:02.280274Z","logger":"liquibase.servicelocator","microservice":"","level":"DEBUG","message":"Loaded liquibase.analytics.AnalyticsListener instance liquibase.analytics.LiquibaseAnalyticsListener","userId":"","orderId":"","thread":"main"}
{"timestamp":"2025-07-07T22:59:02.280346Z","logger":"liquibase.servicelocator","microservice":"","level":"DEBUG","message":"Loaded liquibase.analytics.AnalyticsListener instance liquibase.analytics.NoOpAnalyticsListener","userId":"","orderId":"","thread":"main"}
{"timestamp":"2025-07-07T22:59:02.280461Z","logger":"liquibase.configuration","microservice":"","level":"DEBUG","message":"No configuration value for liquibase.analytics.devOverride found","userId":"","orderId":"","thread":"main"}
{"timestamp":"2025-07-07T22:59:02.280471Z","logger":"liquibase.configuration","microservice":"","level":"DEBUG","message":"Configuration liquibase.analytics.devOverride is using the default value of false","userId":"","orderId":"","thread":"main"}
{"timestamp":"2025-07-07T22:59:02.280551Z","logger":"liquibase.configuration","microservice":"","level":"DEBUG","message":"No configuration value for liquibase.analytics.configEndpointUrl found","userId":"","orderId":"","thread":"main"}
{"timestamp":"2025-07-07T22:59:02.28056Z","logger":"liquibase.configuration","microservice":"","level":"DEBUG","message":"Configuration liquibase.analytics.configEndpointUrl is using the default value of https://config.liquibase.com/analytics.yaml","userId":"","orderId":"","thread":"main"}
{"timestamp":"2025-07-07T22:59:02.28063Z","logger":"liquibase.configuration","microservice":"","level":"DEBUG","message":"No configuration value for liquibase.analytics.enabled found","userId":"","orderId":"","thread":"main"}
{"timestamp":"2025-07-07T22:59:02.281802Z","logger":"liquibase.configuration","microservice":"","level":"DEBUG","message":"No configuration value for liquibase.analytics.configCacheTimeoutMillis found","userId":"","orderId":"","thread":"main"}
{"timestamp":"2025-07-07T22:59:02.281815Z","logger":"liquibase.configuration","microservice":"","level":"DEBUG","message":"Configuration liquibase.analytics.configCacheTimeoutMillis is using the default value of 3600000","userId":"","orderId":"","thread":"main"}
{"timestamp":"2025-07-07T22:59:02.281837Z","logger":"liquibase.servicelocator","microservice":"","level":"DEBUG","message":"Loaded liquibase.analytics.configuration.AnalyticsConfiguration instance liquibase.analytics.configuration.LiquibaseRemoteAnalyticsConfiguration","userId":"","orderId":"","thread":"main"}
{"timestamp":"2025-07-07T22:59:02.281936Z","logger":"liquibase.configuration","microservice":"","level":"DEBUG","message":"No configuration value for liquibase.analytics.logLevel found","userId":"","orderId":"","thread":"main"}
{"timestamp":"2025-07-07T22:59:02.281947Z","logger":"liquibase.configuration","microservice":"","level":"DEBUG","message":"Configuration liquibase.analytics.logLevel is using the default value of OFF","userId":"","orderId":"","thread":"main"}
{"timestamp":"2025-07-07T22:59:02.323581Z","logger":"liquibase.configuration","microservice":"","level":"DEBUG","message":"No configuration value for liquibase.analytics.configEndpointTimeoutMillis found","userId":"","orderId":"","thread":"main"}
{"timestamp":"2025-07-07T22:59:02.323623Z","logger":"liquibase.configuration","microservice":"","level":"DEBUG","message":"Configuration liquibase.analytics.configEndpointTimeoutMillis is using the default value of 1500","userId":"","orderId":"","thread":"main"}
{"timestamp":"2025-07-07T22:59:03.715973Z","logger":"org.hibernate.jpa.internal.util.LogHelper","microservice":"","level":"INFO","message":"HHH000204: Processing PersistenceUnitInfo [name: default]","userId":"","orderId":"","thread":"main"}
{"timestamp":"2025-07-07T22:59:03.741869Z","logger":"org.hibernate.Version","microservice":"","level":"INFO","message":"HHH000412: Hibernate ORM core version 6.6.13.Final","userId":"","orderId":"","thread":"main"}
{"timestamp":"2025-07-07T22:59:03.755341Z","logger":"org.hibernate.cache.internal.RegionFactoryInitiator","microservice":"","level":"INFO","message":"HHH000026: Second-level cache disabled","userId":"","orderId":"","thread":"main"}
{"timestamp":"2025-07-07T22:59:03.871601Z","logger":"org.springframework.orm.jpa.persistenceunit.SpringPersistenceUnitInfo","microservice":"","level":"INFO","message":"No LoadTimeWeaver setup: ignoring JPA class transformer","userId":"","orderId":"","thread":"main"}
{"timestamp":"2025-07-07T22:59:03.891559Z","logger":"org.hibernate.orm.deprecation","microservice":"","level":"WARN","message":"HHH90000025: PostgreSQLDialect does not need to be specified explicitly using 'hibernate.dialect' (remove the property setting and it will be selected by default)","userId":"","orderId":"","thread":"main"}
{"timestamp":"2025-07-07T22:59:03.898132Z","logger":"org.hibernate.orm.connections.pooling","microservice":"","level":"INFO","message":"HHH10001005: Database info:\n\tDatabase JDBC URL [Connecting through datasource 'HikariDataSource (HikariPool-1)']\n\tDatabase driver: undefined/unknown\n\tDatabase version: 15.10\n\tAutocommit mode: undefined/unknown\n\tIsolation level: undefined/unknown\n\tMinimum pool size: undefined/unknown\n\tMaximum pool size: undefined/unknown","userId":"","orderId":"","thread":"main"}
{"timestamp":"2025-07-07T22:59:04.200908Z","logger":"org.hibernate.engine.transaction.jta.platform.internal.JtaPlatformInitiator","microservice":"","level":"INFO","message":"HHH000489: No JTA platform available (set 'hibernate.transaction.jta.platform' to enable JTA platform integration)","userId":"","orderId":"","thread":"main"}
{"timestamp":"2025-07-07T22:59:04.235286Z","logger":"org.springframework.orm.jpa.LocalContainerEntityManagerFactoryBean","microservice":"","level":"INFO","message":"Initialized JPA EntityManagerFactory for persistence unit 'default'","userId":"","orderId":"","thread":"main"}
{"timestamp":"2025-07-07T22:59:04.397837Z","logger":"org.springframework.security.config.annotation.authentication.configuration.InitializeAuthenticationProviderBeanManagerConfigurer$InitializeAuthenticationProviderManagerConfigurer","microservice":"","level":"INFO","message":"Global AuthenticationManager configured with AuthenticationProvider bean with name authenticationProvider","userId":"","orderId":"","thread":"main"}
{"timestamp":"2025-07-07T22:59:04.481658Z","logger":"org.springframework.boot.autoconfigure.orm.jpa.JpaBaseConfiguration$JpaWebConfiguration","microservice":"","level":"WARN","message":"spring.jpa.open-in-view is enabled by default. Therefore, database queries may be performed during view rendering. Explicitly configure spring.jpa.open-in-view to disable this warning","userId":"","orderId":"","thread":"main"}
{"timestamp":"2025-07-07T22:59:04.572064Z","logger":"org.springframework.web.servlet.mvc.method.annotation.RequestMappingHandlerMapping","microservice":"","level":"DEBUG","message":"15 mappings in 'requestMappingHandlerMapping'","userId":"","orderId":"","thread":"main"}
{"timestamp":"2025-07-07T22:59:04.697015Z","logger":"org.springframework.web.servlet.handler.SimpleUrlHandlerMapping","microservice":"","level":"DEBUG","message":"Patterns [/webjars/**, /**, /swagger-ui*/*swagger-initializer.js, /swagger-ui*/**] in 'resourceHandlerMapping'","userId":"","orderId":"","thread":"main"}
{"timestamp":"2025-07-07T22:59:04.725376Z","logger":"org.springframework.security.web.DefaultSecurityFilterChain","microservice":"","level":"DEBUG","message":"Will secure any request with filters: DisableEncodeUrlFilter, WebAsyncManagerIntegrationFilter, SecurityContextHolderFilter, HeaderWriterFilter, CorsFilter, LogoutFilter, JwtAuthenticationFilter, RequestCacheAwareFilter, SecurityContextHolderAwareRequestFilter, AnonymousAuthenticationFilter, SessionManagementFilter, ExceptionTranslationFilter, AuthorizationFilter","userId":"","orderId":"","thread":"main"}
{"timestamp":"2025-07-07T22:59:04.785349Z","logger":"org.springframework.web.servlet.mvc.method.annotation.RequestMappingHandlerAdapter","microservice":"","level":"DEBUG","message":"ControllerAdvice beans: 0 @ModelAttribute, 0 @InitBinder, 1 RequestBodyAdvice, 1 ResponseBodyAdvice","userId":"","orderId":"","thread":"main"}
{"timestamp":"2025-07-07T22:59:04.829164Z","logger":"org.springframework.web.servlet.mvc.method.annotation.ExceptionHandlerExceptionResolver","microservice":"","level":"DEBUG","message":"ControllerAdvice beans: 2 @ExceptionHandler, 1 ResponseBodyAdvice","userId":"","orderId":"","thread":"main"}
{"timestamp":"2025-07-07T22:59:05.033752Z","logger":"org.springframework.boot.web.embedded.tomcat.TomcatWebServer","microservice":"","level":"INFO","message":"Tomcat started on port 8080 (http) with context path '/'","userId":"","orderId":"","thread":"main"}
{"timestamp":"2025-07-07T22:59:05.050679Z","logger":"org.apache.kafka.clients.consumer.ConsumerConfig","microservice":"","level":"INFO","message":"ConsumerConfig values: \n\tallow.auto.create.topics = true\n\tauto.commit.interval.ms = 5000\n\tauto.include.jmx.reporter = true\n\tauto.offset.reset = latest\n\tbootstrap.servers = [localhost:29092]\n\tcheck.crcs = true\n\tclient.dns.lookup = use_all_dns_ips\n\tclient.id = consumer-order-1-1\n\tclient.rack = \n\tconnections.max.idle.ms = 540000\n\tdefault.api.timeout.ms = 60000\n\tenable.auto.commit = false\n\tenable.metrics.push = true\n\texclude.internal.topics = true\n\tfetch.max.bytes = 52428800\n\tfetch.max.wait.ms = 500\n\tfetch.min.bytes = 1\n\tgroup.id = order-1\n\tgroup.instance.id = null\n\tgroup.protocol = classic\n\tgroup.remote.assignor = null\n\theartbeat.interval.ms = 3000\n\tinterceptor.classes = []\n\tinternal.leave.group.on.close = true\n\tinternal.throw.on.fetch.stable.offset.unsupported = false\n\tisolation.level = read_uncommitted\n\tkey.deserializer = class org.apache.kafka.common.serialization.StringDeserializer\n\tmax.partition.fetch.bytes = 1048576\n\tmax.poll.interval.ms = 300000\n\tmax.poll.records = 500\n\tmetadata.max.age.ms = 300000\n\tmetadata.recovery.strategy = none\n\tmetric.reporters = []\n\tmetrics.num.samples = 2\n\tmetrics.recording.level = INFO\n\tmetrics.sample.window.ms = 30000\n\tpartition.assignment.strategy = [class org.apache.kafka.clients.consumer.RangeAssignor, class org.apache.kafka.clients.consumer.CooperativeStickyAssignor]\n\treceive.buffer.bytes = 65536\n\treconnect.backoff.max.ms = 1000\n\treconnect.backoff.ms = 50\n\trequest.timeout.ms = 30000\n\tretry.backoff.max.ms = 1000\n\tretry.backoff.ms = 100\n\tsasl.client.callback.handler.class = null\n\tsasl.jaas.config = null\n\tsasl.kerberos.kinit.cmd = /usr/bin/kinit\n\tsasl.kerberos.min.time.before.relogin = 60000\n\tsasl.kerberos.service.name = null\n\tsasl.kerberos.ticket.renew.jitter = 0.05\n\tsasl.kerberos.ticket.renew.window.factor = 0.8\n\tsasl.login.callback.handler.class = null\n\tsasl.login.class = null\n\tsasl.login.connect.timeout.ms = null\n\tsasl.login.read.timeout.ms = null\n\tsasl.login.refresh.buffer.seconds = 300\n\tsasl.login.refresh.min.period.seconds = 60\n\tsasl.login.refresh.window.factor = 0.8\n\tsasl.login.refresh.window.jitter = 0.05\n\tsasl.login.retry.backoff.max.ms = 10000\n\tsasl.login.retry.backoff.ms = 100\n\tsasl.mechanism = GSSAPI\n\tsasl.oauthbearer.clock.skew.seconds = 30\n\tsasl.oauthbearer.expected.audience = null\n\tsasl.oauthbearer.expected.issuer = null\n\tsasl.oauthbearer.jwks.endpoint.refresh.ms = 3600000\n\tsasl.oauthbearer.jwks.endpoint.retry.backoff.max.ms = 10000\n\tsasl.oauthbearer.jwks.endpoint.retry.backoff.ms = 100\n\tsasl.oauthbearer.jwks.endpoint.url = null\n\tsasl.oauthbearer.scope.claim.name = scope\n\tsasl.oauthbearer.sub.claim.name = sub\n\tsasl.oauthbearer.token.endpoint.url = null\n\tsecurity.protocol = PLAINTEXT\n\tsecurity.providers = null\n\tsend.buffer.bytes = 131072\n\tsession.timeout.ms = 45000\n\tsocket.connection.setup.timeout.max.ms = 30000\n\tsocket.connection.setup.timeout.ms = 10000\n\tssl.cipher.suites = null\n\tssl.enabled.protocols = [TLSv1.2, TLSv1.3]\n\tssl.endpoint.identification.algorithm = https\n\tssl.engine.factory.class = null\n\tssl.key.password = null\n\tssl.keymanager.algorithm = SunX509\n\tssl.keystore.certificate.chain = null\n\tssl.keystore.key = null\n\tssl.keystore.location = null\n\tssl.keystore.password = null\n\tssl.keystore.type = JKS\n\tssl.protocol = TLSv1.3\n\tssl.provider = null\n\tssl.secure.random.implementation = null\n\tssl.trustmanager.algorithm = PKIX\n\tssl.truststore.certificates = null\n\tssl.truststore.location = null\n\tssl.truststore.password = null\n\tssl.truststore.type = JKS\n\tvalue.deserializer = class org.apache.kafka.common.serialization.StringDeserializer\n","userId":"","orderId":"","thread":"main"}
{"timestamp":"2025-07-07T22:59:05.070608Z","logger":"org.apache.kafka.common.telemetry.internals.KafkaMetricsCollector","microservice":"","level":"INFO","message":"initializing Kafka metrics collector","userId":"","orderId":"","thread":"main"}
{"timestamp":"2025-07-07T22:59:05.10178Z","logger":"org.apache.kafka.clients.consumer.ConsumerConfig","microservice":"","level":"INFO","message":"These configurations '[spring.json.trusted.packages]' were supplied but are not used yet.","userId":"","orderId":"","thread":"main"}
{"timestamp":"2025-07-07T22:59:05.102446Z","logger":"org.apache.kafka.common.utils.AppInfoParser","microservice":"","level":"INFO","message":"Kafka version: 3.8.1","userId":"","orderId":"","thread":"main"}
{"timestamp":"2025-07-07T22:59:05.102473Z","logger":"org.apache.kafka.common.utils.AppInfoParser","microservice":"","level":"INFO","message":"Kafka commitId: 70d6ff42debf7e17","userId":"","orderId":"","thread":"main"}
{"timestamp":"2025-07-07T22:59:05.102488Z","logger":"org.apache.kafka.common.utils.AppInfoParser","microservice":"","level":"INFO","message":"Kafka startTimeMs: 1751929145101","userId":"","orderId":"","thread":"main"}
{"timestamp":"2025-07-07T22:59:05.103754Z","logger":"org.apache.kafka.clients.consumer.internals.LegacyKafkaConsumer","microservice":"","level":"INFO","message":"[Consumer clientId=consumer-order-1-1, groupId=order-1] Subscribed to topic(s): add-order-event","userId":"","orderId":"","thread":"main"}
{"timestamp":"2025-07-07T22:59:05.11112Z","logger":"backend.megamarket.orderservice.OrderServiceApplication","microservice":"","level":"INFO","message":"Started OrderServiceApplication in 34.333 seconds (process running for 34.69)","userId":"","orderId":"","thread":"main"}
{"timestamp":"2025-07-07T22:59:05.249447Z","logger":"org.apache.kafka.clients.Metadata","microservice":"","level":"INFO","message":"[Consumer clientId=consumer-order-1-1, groupId=order-1] Cluster ID: UPeRT0INRtq1dTi4rU7nvg","userId":"","orderId":"","thread":"org.springframework.kafka.KafkaListenerEndpointContainer#0-0-C-1"}
{"timestamp":"2025-07-07T22:59:05.249781Z","logger":"org.apache.kafka.clients.consumer.internals.ConsumerCoordinator","microservice":"","level":"INFO","message":"[Consumer clientId=consumer-order-1-1, groupId=order-1] Discovered group coordinator localhost:29092 (id: 2147483646 rack: null)","userId":"","orderId":"","thread":"org.springframework.kafka.KafkaListenerEndpointContainer#0-0-C-1"}
{"timestamp":"2025-07-07T22:59:05.250563Z","logger":"org.apache.kafka.clients.consumer.internals.ConsumerCoordinator","microservice":"","level":"INFO","message":"[Consumer clientId=consumer-order-1-1, groupId=order-1] (Re-)joining group","userId":"","orderId":"","thread":"org.springframework.kafka.KafkaListenerEndpointContainer#0-0-C-1"}
{"timestamp":"2025-07-07T22:59:05.257539Z","logger":"org.apache.kafka.clients.consumer.internals.ConsumerCoordinator","microservice":"","level":"INFO","message":"[Consumer clientId=consumer-order-1-1, groupId=order-1] Request joining group due to: need to re-join with the given member-id: consumer-order-1-1-67013509-be9c-43b6-9316-61c16d8eaf0f","userId":"","orderId":"","thread":"org.springframework.kafka.KafkaListenerEndpointContainer#0-0-C-1"}
{"timestamp":"2025-07-07T22:59:05.257697Z","logger":"org.apache.kafka.clients.consumer.internals.ConsumerCoordinator","microservice":"","level":"INFO","message":"[Consumer clientId=consumer-order-1-1, groupId=order-1] (Re-)joining group","userId":"","orderId":"","thread":"org.springframework.kafka.KafkaListenerEndpointContainer#0-0-C-1"}
{"timestamp":"2025-07-07T22:59:05.579743Z","logger":"org.apache.kafka.clients.consumer.internals.ConsumerCoordinator","microservice":"","level":"INFO","message":"[Consumer clientId=consumer-order-1-1, groupId=order-1] Successfully joined group with generation Generation{generationId=10, memberId='consumer-order-1-1-67013509-be9c-43b6-9316-61c16d8eaf0f', protocol='range'}","userId":"","orderId":"","thread":"org.springframework.kafka.KafkaListenerEndpointContainer#0-0-C-1"}
{"timestamp":"2025-07-07T22:59:05.699473Z","logger":"org.apache.kafka.clients.consumer.internals.ConsumerCoordinator","microservice":"","level":"INFO","message":"[Consumer clientId=consumer-order-1-1, groupId=order-1] Successfully synced group in generation Generation{generationId=10, memberId='consumer-order-1-1-67013509-be9c-43b6-9316-61c16d8eaf0f', protocol='range'}","userId":"","orderId":"","thread":"org.springframework.kafka.KafkaListenerEndpointContainer#0-0-C-1"}
{"timestamp":"2025-07-07T22:59:05.701036Z","logger":"org.apache.kafka.clients.consumer.internals.ConsumerCoordinator","microservice":"","level":"INFO","message":"[Consumer clientId=consumer-order-1-1, groupId=order-1] Notifying assignor about the new Assignment(partitions=[add-order-event-0])","userId":"","orderId":"","thread":"org.springframework.kafka.KafkaListenerEndpointContainer#0-0-C-1"}
{"timestamp":"2025-07-07T22:59:05.70219Z","logger":"org.apache.kafka.clients.consumer.internals.ConsumerRebalanceListenerInvoker","microservice":"","level":"INFO","message":"[Consumer clientId=consumer-order-1-1, groupId=order-1] Adding newly assigned partitions: add-order-event-0","userId":"","orderId":"","thread":"org.springframework.kafka.KafkaListenerEndpointContainer#0-0-C-1"}
{"timestamp":"2025-07-07T22:59:05.710871Z","logger":"org.apache.kafka.clients.consumer.internals.ConsumerUtils","microservice":"","level":"INFO","message":"Setting offset for partition add-order-event-0 to the committed offset FetchPosition{offset=2, offsetEpoch=Optional.empty, currentLeader=LeaderAndEpoch{leader=Optional[localhost:29092 (id: 1 rack: null)], epoch=0}}","userId":"","orderId":"","thread":"org.springframework.kafka.KafkaListenerEndpointContainer#0-0-C-1"}
{"timestamp":"2025-07-07T22:59:05.712436Z","logger":"org.springframework.kafka.listener.KafkaMessageListenerContainer","microservice":"","level":"INFO","message":"order-1: partitions assigned: [add-order-event-0]","userId":"","orderId":"","thread":"org.springframework.kafka.KafkaListenerEndpointContainer#0-0-C-1"}
{"timestamp":"2025-07-07T22:59:25.415625Z","logger":"org.apache.catalina.core.ContainerBase.[Tomcat].[localhost].[/]","microservice":"","level":"INFO","message":"Initializing Spring DispatcherServlet 'dispatcherServlet'","userId":"","orderId":"","thread":"http-nio-8080-exec-2"}
{"timestamp":"2025-07-07T22:59:25.416246Z","logger":"org.springframework.web.servlet.DispatcherServlet","microservice":"","level":"INFO","message":"Initializing Servlet 'dispatcherServlet'","userId":"","orderId":"","thread":"http-nio-8080-exec-2"}
{"timestamp":"2025-07-07T22:59:25.417194Z","logger":"org.springframework.web.servlet.DispatcherServlet","microservice":"","level":"DEBUG","message":"Detected StandardServletMultipartResolver","userId":"","orderId":"","thread":"http-nio-8080-exec-2"}
{"timestamp":"2025-07-07T22:59:25.417364Z","logger":"org.springframework.web.servlet.DispatcherServlet","microservice":"","level":"DEBUG","message":"Detected AcceptHeaderLocaleResolver","userId":"","orderId":"","thread":"http-nio-8080-exec-2"}
{"timestamp":"2025-07-07T22:59:25.417393Z","logger":"org.springframework.web.servlet.DispatcherServlet","microservice":"","level":"DEBUG","message":"Detected FixedThemeResolver","userId":"","orderId":"","thread":"http-nio-8080-exec-2"}
{"timestamp":"2025-07-07T22:59:25.421745Z","logger":"org.springframework.web.servlet.DispatcherServlet","microservice":"","level":"DEBUG","message":"Detected org.springframework.web.servlet.view.DefaultRequestToViewNameTranslator@12a9889e","userId":"","orderId":"","thread":"http-nio-8080-exec-2"}
{"timestamp":"2025-07-07T22:59:25.421898Z","logger":"org.springframework.web.servlet.DispatcherServlet","microservice":"","level":"DEBUG","message":"Detected org.springframework.web.servlet.support.SessionFlashMapManager@c9dcfcd","userId":"","orderId":"","thread":"http-nio-8080-exec-2"}
{"timestamp":"2025-07-07T22:59:25.422023Z","logger":"org.springframework.web.servlet.DispatcherServlet","microservice":"","level":"DEBUG","message":"enableLoggingRequestDetails='true': request parameters and headers will be shown which may lead to unsafe logging of potentially sensitive data","userId":"","orderId":"","thread":"http-nio-8080-exec-2"}
{"timestamp":"2025-07-07T22:59:25.422081Z","logger":"org.springframework.web.servlet.DispatcherServlet","microservice":"","level":"INFO","message":"Completed initialization in 6 ms","userId":"","orderId":"","thread":"http-nio-8080-exec-2"}
{"timestamp":"2025-07-07T22:59:25.432082Z","logger":"org.springframework.security.web.FilterChainProxy","microservice":"","level":"DEBUG","message":"Securing POST /api/order","userId":"","orderId":"","thread":"http-nio-8080-exec-2"}
{"timestamp":"2025-07-07T22:59:25.515418Z","logger":"org.springframework.security.web.FilterChainProxy","microservice":"","level":"DEBUG","message":"Secured POST /api/order","userId":"","orderId":"","thread":"http-nio-8080-exec-2"}
{"timestamp":"2025-07-07T22:59:25.516551Z","logger":"org.springframework.web.servlet.DispatcherServlet","microservice":"","level":"DEBUG","message":"POST \"/api/order\", parameters={}","userId":"","orderId":"","thread":"http-nio-8080-exec-2"}
{"timestamp":"2025-07-07T22:59:25.517596Z","logger":"org.springframework.web.servlet.mvc.method.annotation.RequestMappingHandlerMapping","microservice":"","level":"DEBUG","message":"Mapped to backend.megamarket.orderservice.controller.OrderController#createOrder(List)","userId":"","orderId":"","thread":"http-nio-8080-exec-2"}
{"timestamp":"2025-07-07T22:59:25.564364Z","logger":"org.springframework.web.servlet.mvc.method.annotation.RequestResponseBodyMethodProcessor","microservice":"","level":"DEBUG","message":"Read \"application/json;charset=UTF-8\" to [[OrderItemDto(productId=1, quantity=1), OrderItemDto(productId=3, quantity=1)]]","userId":"","orderId":"","thread":"http-nio-8080-exec-2"}
{"timestamp":"2025-07-07T22:59:25.72035Z","logger":"backend.megamarket.orderservice.services.OrderServiceImpl","microservice":"","level":"INFO","message":"Отправка запроса на проверку склада по заказу orderId=1751929144437, товаров=2","userId":"","orderId":"1751929144437","thread":"http-nio-8080-exec-2"}
{"timestamp":"2025-07-07T22:59:25.886194Z","logger":"backend.megamarket.orderservice.services.OrderServiceImpl","microservice":"","level":"INFO","message":"Получен ответ от InventoryService: orderId: 1751929144437\nitems {\n  productId: 1\n  name: \"Butter\"\n  price: 50.5\n  discount: 0.15\n  availableQuantity: 8\n}\nitems {\n  productId: 3\n  name: \"Bread\"\n  price: 50.5\n  discount: 0.15\n  status: INSUFFICIENT_QUANTITY\n}\n","userId":"","orderId":"1751929144437","thread":"http-nio-8080-exec-2"}
{"timestamp":"2025-07-07T22:59:25.934257Z","logger":"backend.megamarket.orderservice.services.OrderServiceImpl","microservice":"Inventory Service","level":"WARN","message":"Недостаток товаров для заказа orderId=1751929144437 от userId=1","userId":"1","orderId":"1751929144437","thread":"http-nio-8080-exec-2"}
{"timestamp":"2025-07-07T22:59:25.934379Z","logger":"backend.megamarket.orderservice.services.OrderServiceImpl","microservice":"Inventory Service","level":"WARN","message":"Недостаточно товара: productId=3, запрошено=0, статус=INSUFFICIENT_QUANTITY","userId":"1","orderId":"1751929144437","thread":"http-nio-8080-exec-2"}
{"timestamp":"2025-07-07T22:59:25.935325Z","logger":"backend.megamarket.orderservice.services.OrderServiceImpl","microservice":"Notification Service","level":"ERROR","message":"Ошибка при проверке и отправке заказа orderId=1751929144437: Ошибка по заказу 1751929144437\nОт user 1 Товар ID: 3 - недостаточно на складе","userId":"1","orderId":"1751929144437","thread":"http-nio-8080-exec-2"}
{"timestamp":"2025-07-07T22:59:25.93932Z","logger":"org.springframework.web.servlet.mvc.method.annotation.ExceptionHandlerExceptionResolver","microservice":"","level":"DEBUG","message":"Using @ExceptionHandler backend.megamarket.orderservice.controller.GlobalExceptionHandler#handleInsufficientQuantity(InsufficientQuantityException)","userId":"","orderId":"","thread":"http-nio-8080-exec-2"}
{"timestamp":"2025-07-07T22:59:25.944518Z","logger":"org.springframework.web.servlet.mvc.method.annotation.HttpEntityMethodProcessor","microservice":"","level":"DEBUG","message":"Using 'text/plain', given [*/*] and supported [text/plain, */*, application/json, application/*+json, application/yaml]","userId":"","orderId":"","thread":"http-nio-8080-exec-2"}
{"timestamp":"2025-07-07T22:59:25.944712Z","logger":"org.springframework.web.servlet.mvc.method.annotation.HttpEntityMethodProcessor","microservice":"","level":"DEBUG","message":"Writing [\"Ошибка по заказу 1751929144437<EOL>От user 1 Товар ID: 3 - недостаточно на складе\"]","userId":"","orderId":"","thread":"http-nio-8080-exec-2"}
{"timestamp":"2025-07-07T22:59:25.946731Z","logger":"org.springframework.web.servlet.mvc.method.annotation.ExceptionHandlerExceptionResolver","microservice":"","level":"DEBUG","message":"Resolved [backend.megamarket.orderservice.controller.InsufficientQuantityException: Ошибка по заказу 1751929144437<EOL>От user 1 Товар ID: 3 - недостаточно на складе]","userId":"","orderId":"","thread":"http-nio-8080-exec-2"}
{"timestamp":"2025-07-07T22:59:25.946978Z","logger":"org.springframework.web.servlet.DispatcherServlet","microservice":"","level":"DEBUG","message":"Completed 409 CONFLICT","userId":"","orderId":"","thread":"http-nio-8080-exec-2"}
{"timestamp":"2025-07-07T23:07:45.249745Z","logger":"org.apache.kafka.clients.consumer.internals.ConsumerRebalanceListenerInvoker","microservice":"","level":"INFO","message":"[Consumer clientId=consumer-order-1-1, groupId=order-1] Revoke previously assigned partitions add-order-event-0","userId":"","orderId":"","thread":"org.springframework.kafka.KafkaListenerEndpointContainer#0-0-C-1"}
{"timestamp":"2025-07-07T23:07:45.263743Z","logger":"org.springframework.kafka.listener.KafkaMessageListenerContainer","microservice":"","level":"INFO","message":"order-1: partitions revoked: [add-order-event-0]","userId":"","orderId":"","thread":"org.springframework.kafka.KafkaListenerEndpointContainer#0-0-C-1"}
{"timestamp":"2025-07-07T23:07:45.266732Z","logger":"org.apache.kafka.clients.consumer.internals.ConsumerCoordinator","microservice":"","level":"INFO","message":"[Consumer clientId=consumer-order-1-1, groupId=order-1] Member consumer-order-1-1-67013509-be9c-43b6-9316-61c16d8eaf0f sending LeaveGroup request to coordinator localhost:29092 (id: 2147483646 rack: null) due to the consumer unsubscribed from all topics","userId":"","orderId":"","thread":"org.springframework.kafka.KafkaListenerEndpointContainer#0-0-C-1"}
{"timestamp":"2025-07-07T23:07:45.26922Z","logger":"org.apache.kafka.clients.consumer.internals.ConsumerCoordinator","microservice":"","level":"INFO","message":"[Consumer clientId=consumer-order-1-1, groupId=order-1] Resetting generation and member id due to: consumer pro-actively leaving the group","userId":"","orderId":"","thread":"org.springframework.kafka.KafkaListenerEndpointContainer#0-0-C-1"}
{"timestamp":"2025-07-07T23:07:45.269263Z","logger":"org.apache.kafka.clients.consumer.internals.ConsumerCoordinator","microservice":"","level":"INFO","message":"[Consumer clientId=consumer-order-1-1, groupId=order-1] Request joining group due to: consumer pro-actively leaving the group","userId":"","orderId":"","thread":"org.springframework.kafka.KafkaListenerEndpointContainer#0-0-C-1"}
{"timestamp":"2025-07-07T23:07:45.269524Z","logger":"org.apache.kafka.clients.consumer.internals.LegacyKafkaConsumer","microservice":"","level":"INFO","message":"[Consumer clientId=consumer-order-1-1, groupId=order-1] Unsubscribed all topics or patterns and assigned partitions","userId":"","orderId":"","thread":"org.springframework.kafka.KafkaListenerEndpointContainer#0-0-C-1"}
{"timestamp":"2025-07-07T23:07:45.285323Z","logger":"org.apache.kafka.clients.consumer.internals.ConsumerCoordinator","microservice":"","level":"INFO","message":"[Consumer clientId=consumer-order-1-1, groupId=order-1] Resetting generation and member id due to: consumer pro-actively leaving the group","userId":"","orderId":"","thread":"org.springframework.kafka.KafkaListenerEndpointContainer#0-0-C-1"}
{"timestamp":"2025-07-07T23:07:45.285405Z","logger":"org.apache.kafka.clients.consumer.internals.ConsumerCoordinator","microservice":"","level":"INFO","message":"[Consumer clientId=consumer-order-1-1, groupId=order-1] Request joining group due to: consumer pro-actively leaving the group","userId":"","orderId":"","thread":"org.springframework.kafka.KafkaListenerEndpointContainer#0-0-C-1"}
{"timestamp":"2025-07-07T23:07:45.706191Z","logger":"org.apache.kafka.common.metrics.Metrics","microservice":"","level":"INFO","message":"Metrics scheduler closed","userId":"","orderId":"","thread":"org.springframework.kafka.KafkaListenerEndpointContainer#0-0-C-1"}
{"timestamp":"2025-07-07T23:07:45.706388Z","logger":"org.apache.kafka.common.metrics.Metrics","microservice":"","level":"INFO","message":"Closing reporter org.apache.kafka.common.metrics.JmxReporter","userId":"","orderId":"","thread":"org.springframework.kafka.KafkaListenerEndpointContainer#0-0-C-1"}
{"timestamp":"2025-07-07T23:07:45.706495Z","logger":"org.apache.kafka.common.metrics.Metrics","microservice":"","level":"INFO","message":"Closing reporter org.apache.kafka.common.telemetry.internals.ClientTelemetryReporter","userId":"","orderId":"","thread":"org.springframework.kafka.KafkaListenerEndpointContainer#0-0-C-1"}
{"timestamp":"2025-07-07T23:07:45.706592Z","logger":"org.apache.kafka.common.metrics.Metrics","microservice":"","level":"INFO","message":"Metrics reporters closed","userId":"","orderId":"","thread":"org.springframework.kafka.KafkaListenerEndpointContainer#0-0-C-1"}
{"timestamp":"2025-07-07T23:07:45.713812Z","logger":"org.apache.kafka.common.utils.AppInfoParser","microservice":"","level":"INFO","message":"App info kafka.consumer for consumer-order-1-1 unregistered","userId":"","orderId":"","thread":"org.springframework.kafka.KafkaListenerEndpointContainer#0-0-C-1"}
{"timestamp":"2025-07-07T23:07:45.715441Z","logger":"org.springframework.kafka.listener.KafkaMessageListenerContainer","microservice":"","level":"INFO","message":"order-1: Consumer stopped","userId":"","orderId":"","thread":"org.springframework.kafka.KafkaListenerEndpointContainer#0-0-C-1"}
{"timestamp":"2025-07-07T23:07:45.727667Z","logger":"org.springframework.boot.web.embedded.tomcat.GracefulShutdown","microservice":"","level":"INFO","message":"Commencing graceful shutdown. Waiting for active requests to complete","userId":"","orderId":"","thread":"SpringApplicationShutdownHook"}
{"timestamp":"2025-07-07T23:07:45.73752Z","logger":"org.springframework.boot.web.embedded.tomcat.GracefulShutdown","microservice":"","level":"INFO","message":"Graceful shutdown complete","userId":"","orderId":"","thread":"tomcat-shutdown"}
{"timestamp":"2025-07-07T23:07:45.756029Z","logger":"org.springframework.orm.jpa.LocalContainerEntityManagerFactoryBean","microservice":"","level":"INFO","message":"Closing JPA EntityManagerFactory for persistence unit 'default'","userId":"","orderId":"","thread":"SpringApplicationShutdownHook"}
{"timestamp":"2025-07-07T23:07:45.775055Z","logger":"com.zaxxer.hikari.HikariDataSource","microservice":"","level":"INFO","message":"HikariPool-1 - Shutdown initiated...","userId":"","orderId":"","thread":"SpringApplicationShutdownHook"}
{"timestamp":"2025-07-07T23:07:45.779841Z","logger":"com.zaxxer.hikari.HikariDataSource","microservice":"","level":"INFO","message":"HikariPool-1 - Shutdown completed.","userId":"","orderId":"","thread":"SpringApplicationShutdownHook"}
